date;va;pwm;temp
2021-11-22 20:37:49;590;0;16,00
2021-11-22 20:37:54;590;0;16,00
2021-11-22 20:37:59;590;0;16,00
2021-11-22 20:38:04;590;0;16,00
2021-11-22 20:38:09;590;0;16,00
2021-11-22 20:38:14;540;0;16,00
2021-11-22 20:38:19;540;0;16,00
2021-11-22 20:38:24;540;0;16,00
2021-11-22 20:38:29;540;0;16,00
2021-11-22 20:38:34;540;0;16,00
2021-11-22 20:38:39;540;0;16,00
2021-11-22 20:38:44;550;0;16,00
2021-11-22 20:38:49;550;0;16,00
2021-11-22 20:38:54;540;0;16,00
2021-11-22 20:38:59;540;0;16,00
2021-11-22 20:39:04;540;0;16,00
2021-11-22 20:39:09;540;0;16,00
2021-11-22 20:39:14;540;0;16,00
2021-11-22 20:39:19;540;0;16,00
2021-11-22 20:39:24;540;0;16,00
2021-11-22 20:39:29;540;0;16,00
2021-11-22 20:39:34;540;0;16,00
2021-11-22 20:39:39;540;0;16,00
2021-11-22 20:39:44;540;0;16,00
2021-11-22 20:39:49;540;0;16,00
2021-11-22 20:39:54;540;0;16,00
2021-11-22 20:39:59;540;0;16,00
2021-11-22 20:40:04;540;0;16,00
2021-11-22 20:40:09;540;0;16,00
2021-11-22 20:40:14;540;0;16,00
2021-11-22 20:40:19;530;0;16,00
2021-11-22 20:40:24;530;0;16,00
2021-11-22 20:40:29;530;0;16,00
2021-11-22 20:40:34;530;0;16,00
2021-11-22 20:40:39;530;0;16,00
2021-11-22 20:40:44;530;0;16,00
2021-11-22 20:40:49;550;0;16,00
2021-11-22 20:40:54;550;0;16,00
2021-11-22 20:40:59;550;0;16,00
2021-11-22 20:41:04;550;0;16,00
2021-11-22 20:41:09;550;0;16,00
2021-11-22 20:41:14;550;0;16,00
2021-11-22 20:41:19;550;0;16,00
2021-11-22 20:41:24;550;0;16,00
2021-11-22 20:41:29;550;0;16,00
2021-11-22 20:41:34;550;0;16,00
2021-11-22 20:41:39;520;0;16,00
2021-11-22 20:41:44;530;0;16,00
2021-11-22 20:41:49;530;0;16,00
2021-11-22 20:41:54;530;0;16,00
2021-11-22 20:41:59;530;0;16,00
2021-11-22 20:42:04;530;0;16,00
2021-11-22 20:42:09;530;0;16,00
2021-11-22 20:42:14;530;0;16,00
2021-11-22 20:42:19;530;0;16,00
2021-11-22 20:42:24;530;0;16,00
2021-11-22 20:42:29;530;0;16,00
2021-11-22 20:42:34;530;0;16,00
2021-11-22 20:42:39;530;0;16,00
2021-11-22 20:42:44;530;0;16,00
2021-11-22 20:42:49;530;0;16,00
2021-11-22 20:42:54;530;0;16,00
2021-11-22 20:42:59;530;0;16,00
2021-11-22 20:43:04;530;0;16,00
2021-11-22 20:43:09;530;0;16,00
2021-11-22 20:43:14;550;0;16,00
2021-11-22 20:43:19;540;0;16,00
2021-11-22 20:43:24;540;0;16,00
2021-11-22 20:43:29;550;0;16,00
2021-11-22 20:43:34;550;0;16,00
2021-11-22 20:43:39;540;0;16,00
2021-11-22 20:43:44;550;0;16,00
2021-11-22 20:43:49;550;0;16,00
2021-11-22 20:43:54;550;0;16,00
2021-11-22 20:43:59;540;0;16,00
2021-11-22 20:44:04;550;0;16,00
2021-11-22 20:44:09;550;0;16,00
2021-11-22 20:44:14;550;0;16,00
2021-11-22 20:44:19;540;0;16,00
2021-11-22 20:44:24;540;0;16,00
2021-11-22 20:44:29;540;0;16,00
2021-11-22 20:44:34;540;0;16,00
2021-11-22 20:44:39;540;0;16,00
2021-11-22 20:44:44;540;0;16,00
2021-11-22 20:44:49;550;0;16,00
2021-11-22 20:44:54;550;0;16,00
2021-11-22 20:44:59;550;0;16,00
2021-11-22 20:45:04;550;0;16,00
2021-11-22 20:45:09;550;0;16,00
2021-11-22 20:45:14;550;0;16,00
2021-11-22 20:45:19;550;0;16,00
2021-11-22 20:45:24;550;0;16,00
2021-11-22 20:45:29;570;0;16,00
2021-11-22 20:45:34;570;0;16,00
2021-11-22 20:45:39;570;0;16,00
2021-11-22 20:45:44;560;0;16,00
2021-11-22 20:45:49;560;0;16,00
2021-11-22 20:45:54;560;0;16,00
2021-11-22 20:45:59;560;0;16,00
2021-11-22 20:46:04;560;0;16,00
2021-11-22 20:46:09;550;0;16,00
2021-11-22 20:46:14;570;0;16,00
2021-11-22 20:46:19;560;0;16,00
2021-11-22 20:46:24;560;0;16,00
2021-11-22 20:46:29;550;0;16,00
2021-11-22 20:46:34;550;0;16,00
2021-11-22 20:46:39;550;0;16,00
2021-11-22 20:46:44;550;0;16,00
2021-11-22 20:46:49;550;0;16,00
2021-11-22 20:46:54;550;0;16,00
2021-11-22 20:46:59;550;0;16,00
2021-11-22 20:47:04;550;0;16,00
2021-11-22 20:47:09;550;0;16,00
2021-11-22 20:47:14;900;0;16,00
2021-11-22 20:47:19;950;0;16,00
2021-11-22 20:47:24;970;0;16,00
2021-11-22 20:47:29;990;0;16,00
2021-11-22 20:47:34;980;0;16,00
2021-11-22 20:47:39;990;0;16,00
2021-11-22 20:47:44;550;0;16,00
2021-11-22 20:47:49;510;0;16,00
2021-11-22 20:47:54;520;0;16,00
2021-11-22 20:47:59;520;0;16,00
2021-11-22 20:48:04;520;0;16,00
2021-11-22 20:48:09;520;0;16,00
2021-11-22 20:48:14;520;0;16,00
2021-11-22 20:48:19;520;0;16,00
2021-11-22 20:48:24;520;0;16,00
2021-11-22 20:48:29;520;0;16,00
2021-11-22 20:48:34;520;0;16,00
2021-11-22 20:48:39;520;0;16,00
2021-11-22 20:48:44;520;0;16,00
2021-11-22 20:48:49;530;0;16,00
2021-11-22 20:48:54;520;0;16,00
2021-11-22 20:48:59;520;0;16,00
2021-11-22 20:49:04;530;0;16,00
2021-11-22 20:49:09;530;0;16,00
2021-11-22 20:49:14;530;0;16,00
2021-11-22 20:49:19;520;0;16,00
2021-11-22 20:49:24;530;0;16,00
2021-11-22 20:49:29;530;0;16,00
2021-11-22 20:49:34;530;0;16,00
2021-11-22 20:49:39;530;0;16,00
2021-11-22 20:49:44;530;0;16,00
2021-11-22 20:49:49;520;0;16,00
2021-11-22 20:49:54;530;0;16,00
2021-11-22 20:49:59;540;0;16,00
2021-11-22 20:50:04;550;0;16,00
2021-11-22 20:50:09;550;0;16,00
2021-11-22 20:50:14;540;0;16,00
2021-11-22 20:50:19;540;0;16,00
2021-11-22 20:50:24;520;0;16,00
2021-11-22 20:50:29;540;0;16,00
2021-11-22 20:50:34;530;0;16,00
2021-11-22 20:50:39;530;0;16,00
2021-11-22 20:50:44;540;0;16,00
2021-11-22 20:50:49;530;0;16,00
2021-11-22 20:50:54;530;0;16,00
2021-11-22 20:50:59;530;0;16,00
2021-11-22 20:51:04;520;0;16,00
2021-11-22 20:51:09;530;0;16,00
2021-11-22 20:51:14;530;0;16,00
2021-11-22 20:51:19;530;0;16,00
2021-11-22 20:51:24;530;0;16,00
2021-11-22 20:51:29;530;0;16,00
2021-11-22 20:51:34;530;0;16,00
2021-11-22 20:51:39;530;0;16,00
2021-11-22 20:51:44;530;0;16,00
2021-11-22 20:51:49;530;0;16,00
2021-11-22 20:51:54;530;0;16,00
2021-11-22 20:51:59;520;0;16,00
2021-11-22 20:52:04;530;0;16,00
2021-11-22 20:52:09;530;0;16,00
2021-11-22 20:52:14;530;0;16,00
2021-11-22 20:52:19;530;0;16,00
2021-11-22 20:52:24;530;0;16,00
2021-11-22 20:52:29;520;0;16,00
2021-11-22 20:52:34;520;0;16,00
2021-11-22 20:52:39;520;0;16,00
2021-11-22 20:52:44;520;0;16,00
2021-11-22 20:52:49;520;0;16,00
2021-11-22 20:52:54;520;0;16,00
2021-11-22 20:52:59;520;0;16,00
2021-11-22 20:53:04;530;0;16,00
2021-11-22 20:53:09;520;0;16,00
2021-11-22 20:53:14;530;0;16,00
2021-11-22 20:53:19;520;0;16,00
2021-11-22 20:53:24;530;0;16,00
2021-11-22 20:53:29;530;0;16,00
2021-11-22 20:53:34;520;0;16,00
2021-11-22 20:53:39;520;0;16,00
2021-11-22 20:53:44;530;0;16,00
2021-11-22 20:53:49;530;0;16,00
2021-11-22 20:53:54;530;0;16,00
2021-11-22 20:53:59;530;0;16,00
2021-11-22 20:54:04;520;0;16,00
2021-11-22 20:54:09;530;0;16,00
2021-11-22 20:54:14;520;0;16,00
2021-11-22 20:54:19;530;0;16,00
2021-11-22 20:54:24;530;0;16,00
2021-11-22 20:54:29;530;0;16,00
2021-11-22 20:54:34;530;0;16,00
2021-11-22 20:54:39;530;0;16,00
2021-11-22 20:54:44;530;0;16,00
2021-11-22 20:54:49;530;0;16,00
2021-11-22 20:54:54;530;0;16,00
2021-11-22 20:54:59;530;0;16,00
2021-11-22 20:55:04;530;0;16,00
2021-11-22 20:55:09;530;0;16,00
2021-11-22 20:55:14;530;0;16,00
2021-11-22 20:55:19;530;0;16,00
2021-11-22 20:55:24;530;0;16,00
2021-11-22 20:55:29;530;0;16,00
2021-11-22 20:55:34;530;0;16,00
2021-11-22 20:55:39;530;0;16,00
2021-11-22 20:55:44;530;0;16,00
2021-11-22 20:55:49;540;0;16,00
2021-11-22 20:55:54;530;0;16,00
2021-11-22 20:55:59;530;0;16,00
2021-11-22 20:56:04;540;0;16,00
2021-11-22 20:56:09;530;0;16,00
2021-11-22 20:56:14;530;0;16,00
2021-11-22 20:56:19;530;0;16,00
2021-11-22 20:56:24;530;0;16,00
2021-11-22 20:56:29;530;0;16,00
2021-11-22 20:56:34;530;0;16,00
2021-11-22 20:56:39;530;0;16,00
2021-11-22 20:56:44;530;0;16,00
2021-11-22 20:56:49;530;0;16,00
2021-11-22 20:56:54;530;0;16,00
2021-11-22 20:56:59;530;0;16,00
2021-11-22 20:57:04;530;0;16,00
2021-11-22 20:57:09;530;0;16,00
2021-11-22 20:57:14;530;0;16,00
2021-11-22 20:57:19;530;0;16,00
2021-11-22 20:57:24;530;0;16,00
2021-11-22 20:57:29;530;0;16,00
2021-11-22 20:57:34;530;0;16,00
2021-11-22 20:57:39;530;0;16,00
2021-11-22 20:57:44;540;0;16,00
2021-11-22 20:57:49;540;0;16,00
2021-11-22 20:57:54;540;0;16,00
2021-11-22 20:57:59;540;0;16,00
2021-11-22 20:58:04;540;0;16,00
2021-11-22 20:58:09;540;0;16,00
2021-11-22 20:58:14;540;0;16,00
2021-11-22 20:58:19;540;0;16,00
2021-11-22 20:58:24;540;0;16,00
2021-11-22 20:58:29;540;0;16,00
2021-11-22 20:58:34;540;0;16,00
2021-11-22 20:58:39;540;0;16,00
2021-11-22 20:58:44;540;0;16,00
2021-11-22 20:58:49;540;0;16,00
2021-11-22 20:58:54;540;0;16,00
2021-11-22 20:58:59;540;0;16,00
2021-11-22 20:59:04;540;0;16,00
2021-11-22 20:59:09;540;0;16,00
2021-11-22 20:59:14;540;0;16,00
2021-11-22 20:59:19;540;0;16,00
2021-11-22 20:59:24;540;0;16,00
2021-11-22 20:59:29;540;0;16,00
2021-11-22 20:59:34;530;0;16,00
2021-11-22 20:59:39;540;0;16,00
2021-11-22 20:59:44;540;0;16,00
2021-11-22 20:59:49;540;0;16,00
2021-11-22 20:59:54;540;0;16,00
2021-11-22 20:59:59;540;0;16,00
2021-11-22 21:00:04;540;0;16,00
2021-11-22 21:00:09;550;0;16,00
2021-11-22 21:00:14;540;0;16,00
2021-11-22 21:00:19;540;0;16,00
2021-11-22 21:00:24;530;0;16,00
2021-11-22 21:00:29;530;0;16,00
2021-11-22 21:00:34;530;0;16,00
2021-11-22 21:00:39;540;0;16,00
2021-11-22 21:00:44;530;0;16,00
2021-11-22 21:00:49;530;0;16,00
2021-11-22 21:00:54;540;0;16,00
2021-11-22 21:00:59;540;0;16,00
2021-11-22 21:01:04;540;0;16,00
2021-11-22 21:01:09;540;0;16,00
2021-11-22 21:01:14;530;0;16,00
2021-11-22 21:01:19;540;0;16,00
2021-11-22 21:01:24;530;0;16,00
2021-11-22 21:01:29;540;0;16,00
2021-11-22 21:01:34;530;0;16,00
2021-11-22 21:01:39;530;0;16,00
2021-11-22 21:01:44;930;0;16,00
2021-11-22 21:01:49;970;0;16,00
2021-11-22 21:01:54;970;0;16,00
2021-11-22 21:01:59;980;0;16,00
2021-11-22 21:02:04;960;0;16,00
2021-11-22 21:02:09;780;0;16,00
2021-11-22 21:02:14;530;0;16,00
2021-11-22 21:02:19;530;0;16,00
2021-11-22 21:02:24;540;0;16,00
2021-11-22 21:02:29;540;0;16,00
2021-11-22 21:02:34;530;0;16,00
2021-11-22 21:02:39;540;0;16,00
2021-11-22 21:02:44;530;0;16,00
2021-11-22 21:02:49;530;0;16,00
2021-11-22 21:02:54;530;0;16,00
2021-11-22 21:02:59;540;0;16,00
2021-11-22 21:03:04;540;0;16,00
2021-11-22 21:03:09;540;0;16,00
2021-11-22 21:03:14;540;0;16,00
2021-11-22 21:03:19;530;0;16,00
2021-11-22 21:03:24;540;0;16,00
2021-11-22 21:03:29;540;0;16,00
2021-11-22 21:03:34;540;0;16,00
2021-11-22 21:03:39;540;0;16,00
2021-11-22 21:03:44;540;0;16,00
2021-11-22 21:03:49;540;0;16,00
2021-11-22 21:03:54;530;0;16,00
2021-11-22 21:03:59;530;0;16,00
2021-11-22 21:04:04;530;0;16,00
2021-11-22 21:04:09;530;0;16,00
2021-11-22 21:04:14;530;0;16,00
2021-11-22 21:04:19;530;0;16,00
2021-11-22 21:04:24;530;0;16,00
2021-11-22 21:04:29;530;0;16,00
2021-11-22 21:04:34;520;0;16,00
2021-11-22 21:04:39;520;0;16,00
2021-11-22 21:04:44;530;0;16,00
2021-11-22 21:04:49;520;0;16,00
2021-11-22 21:04:54;520;0;16,00
2021-11-22 21:04:59;530;0;16,00
2021-11-22 21:05:04;530;0;16,00
2021-11-22 21:05:09;530;0;16,00
2021-11-22 21:05:14;530;0;16,00
2021-11-22 21:05:19;530;0;16,00
2021-11-22 21:05:24;530;0;16,00
2021-11-22 21:05:29;530;0;16,00
2021-11-22 21:05:34;530;0;16,00
2021-11-22 21:05:39;530;0;16,00
2021-11-22 21:05:44;530;0;16,00
2021-11-22 21:05:49;530;0;16,00
2021-11-22 21:05:54;530;0;16,00
2021-11-22 21:05:59;520;0;16,00
2021-11-22 21:06:04;530;0;16,00
2021-11-22 21:06:09;530;0;16,00
2021-11-22 21:06:14;530;0;16,00
2021-11-22 21:06:19;520;0;16,00
2021-11-22 21:06:24;530;0;16,00
2021-11-22 21:06:29;520;0;16,00
2021-11-22 21:06:34;530;0;16,00
2021-11-22 21:06:39;530;0;16,00
2021-11-22 21:06:44;530;0;16,00
2021-11-22 21:06:49;530;0;16,00
2021-11-22 21:06:54;530;0;16,00
2021-11-22 21:06:59;530;0;16,00
2021-11-22 21:07:04;530;0;16,00
2021-11-22 21:07:09;530;0;16,00
2021-11-22 21:07:14;530;0;16,00
2021-11-22 21:07:19;530;0;16,00
2021-11-22 21:07:24;580;0;16,00
2021-11-22 21:07:29;570;0;16,00
2021-11-22 21:07:34;570;0;16,00
2021-11-22 21:07:39;580;0;16,00
2021-11-22 21:07:44;580;0;16,00
2021-11-22 21:07:49;570;0;16,00
2021-11-22 21:07:54;570;0;16,00
2021-11-22 21:07:59;570;0;16,00
2021-11-22 21:08:04;570;0;16,00
2021-11-22 21:08:09;570;0;16,00
2021-11-22 21:08:14;570;0;16,00
2021-11-22 21:08:19;570;0;16,00
2021-11-22 21:08:24;570;0;16,00
2021-11-22 21:08:29;570;0;16,00
2021-11-22 21:08:34;570;0;16,00
2021-11-22 21:08:39;580;0;16,00
2021-11-22 21:08:44;570;0;16,00
2021-11-22 21:08:49;570;0;16,00
2021-11-22 21:08:54;570;0;16,00
2021-11-22 21:08:59;570;0;16,00
2021-11-22 21:09:04;570;0;16,00
2021-11-22 21:09:09;570;0;16,00
2021-11-22 21:09:14;630;0;16,00
2021-11-22 21:09:19;630;0;16,00
2021-11-22 21:09:24;630;0;16,00
2021-11-22 21:09:29;630;0;16,00
2021-11-22 21:09:34;630;0;16,00
2021-11-22 21:09:39;630;0;16,00
2021-11-22 21:09:44;630;0;16,00
2021-11-22 21:09:50;630;0;16,00
2021-11-22 21:09:54;630;0;16,00
2021-11-22 21:09:59;630;0;16,00
2021-11-22 21:10:04;630;0;16,00
2021-11-22 21:10:09;620;0;16,00
2021-11-22 21:10:14;620;0;16,00
2021-11-22 21:10:19;620;0;16,00
2021-11-22 21:10:24;620;0;16,00
2021-11-22 21:10:29;610;0;16,00
2021-11-22 21:10:34;610;0;16,00
2021-11-22 21:10:39;610;0;16,00
2021-11-22 21:10:44;610;0;16,00
2021-11-22 21:10:49;610;0;16,00
2021-11-22 21:10:54;610;0;16,00
2021-11-22 21:10:59;610;0;16,00
2021-11-22 21:11:04;620;0;16,00
2021-11-22 21:11:09;620;0;16,00
2021-11-22 21:11:14;620;0;16,00
2021-11-22 21:11:19;620;0;16,00
2021-11-22 21:11:24;620;0;16,00
2021-11-22 21:11:29;620;0;16,00
2021-11-22 21:11:34;610;0;16,00
2021-11-22 21:11:39;620;0;16,00
2021-11-22 21:11:44;610;0;16,00
2021-11-22 21:11:49;610;0;16,00
2021-11-22 21:11:54;610;0;16,00
2021-11-22 21:11:59;610;0;16,00
2021-11-22 21:12:04;610;0;16,00
2021-11-22 21:12:09;610;0;16,00
2021-11-22 21:12:14;620;0;16,00
2021-11-22 21:12:19;610;0;16,00
2021-11-22 21:12:24;610;0;16,00
2021-11-22 21:12:29;600;0;16,00
2021-11-22 21:12:34;610;0;16,00
2021-11-22 21:12:39;610;0;16,00
2021-11-22 21:12:44;610;0;16,00
2021-11-22 21:12:49;610;0;16,00
2021-11-22 21:12:54;610;0;16,00
2021-11-22 21:12:59;610;0;16,00
2021-11-22 21:13:04;610;0;16,00
2021-11-22 21:13:09;610;0;16,00
2021-11-22 21:13:14;610;0;16,00
2021-11-22 21:13:19;610;0;16,00
2021-11-22 21:13:24;610;0;16,00
2021-11-22 21:13:29;610;0;16,00
2021-11-22 21:13:34;610;0;16,00
2021-11-22 21:13:39;610;0;16,00
2021-11-22 21:13:44;610;0;16,00
2021-11-22 21:13:49;610;0;16,00
2021-11-22 21:13:54;610;0;16,00
2021-11-22 21:13:59;610;0;16,00
2021-11-22 21:14:04;610;0;16,00
2021-11-22 21:14:09;610;0;16,00
2021-11-22 21:14:14;610;0;16,00
2021-11-22 21:14:19;610;0;16,00
2021-11-22 21:14:24;610;0;16,00
2021-11-22 21:14:29;610;0;16,00
2021-11-22 21:14:34;610;0;16,00
2021-11-22 21:14:39;610;0;16,00
2021-11-22 21:14:44;610;0;16,00
2021-11-22 21:14:49;610;0;16,00
2021-11-22 21:14:54;610;0;16,00
2021-11-22 21:14:59;620;0;16,00
2021-11-22 21:15:04;620;0;16,00
2021-11-22 21:15:09;610;0;16,00
2021-11-22 21:15:14;620;0;16,00
2021-11-22 21:15:19;610;0;16,00
2021-11-22 21:15:24;610;0;16,00
2021-11-22 21:15:29;610;0;16,00
2021-11-22 21:15:34;620;0;16,00
2021-11-22 21:15:39;620;0;16,00
2021-11-22 21:15:44;610;0;16,00
2021-11-22 21:15:49;610;0;16,00
2021-11-22 21:15:54;610;0;16,00
2021-11-22 21:15:59;1000;0;16,00
2021-11-22 21:16:04;1060;0;16,00
2021-11-22 21:16:09;1100;0;16,00
2021-11-22 21:16:14;1100;0;16,00
2021-11-22 21:16:19;1100;0;16,00
2021-11-22 21:16:24;1090;0;16,00
2021-11-22 21:16:29;1050;0;16,00
2021-11-22 21:16:34;610;0;16,00
2021-11-22 21:16:39;610;0;16,00
2021-11-22 21:16:44;610;0;16,00
2021-11-22 21:16:49;610;0;16,00
2021-11-22 21:16:54;610;0;16,00
2021-11-22 21:16:59;610;0;16,00
2021-11-22 21:17:04;610;0;16,00
2021-11-22 21:17:09;610;0;16,00
2021-11-22 21:17:14;610;0;16,00
2021-11-22 21:17:19;610;0;16,00
2021-11-22 21:17:24;610;0;16,00
2021-11-22 21:17:29;610;0;16,00
2021-11-22 21:17:34;610;0;16,00
2021-11-22 21:17:39;610;0;16,00
2021-11-22 21:17:44;610;0;16,00
2021-11-22 21:17:49;610;0;16,00
2021-11-22 21:17:54;610;0;16,00
2021-11-22 21:17:59;610;0;16,00
2021-11-22 21:18:04;610;0;16,00
2021-11-22 21:18:09;610;0;16,00
2021-11-22 21:18:14;610;0;16,00
2021-11-22 21:18:19;610;0;16,00
2021-11-22 21:18:24;610;0;16,00
2021-11-22 21:18:29;610;0;16,00
2021-11-22 21:18:34;610;0;16,00
2021-11-22 21:18:39;610;0;16,00
2021-11-22 21:18:44;610;0;16,00
2021-11-22 21:18:49;610;0;16,00
2021-11-22 21:18:54;610;0;16,00
2021-11-22 21:18:59;610;0;16,00
2021-11-22 21:19:04;610;0;16,00
2021-11-22 21:19:09;610;0;16,00
2021-11-22 21:19:14;610;0;16,00
2021-11-22 21:19:19;600;0;16,00
2021-11-22 21:19:24;600;0;16,00
2021-11-22 21:19:29;610;0;16,00
2021-11-22 21:19:34;610;0;16,00
2021-11-22 21:19:39;610;0;16,00
2021-11-22 21:19:44;610;0;16,00
2021-11-22 21:19:49;610;0;16,00
2021-11-22 21:19:54;610;0;16,00
2021-11-22 21:19:59;610;0;16,00
2021-11-22 21:20:04;600;0;16,00
2021-11-22 21:20:09;610;0;16,00
2021-11-22 21:20:14;600;0;16,00
2021-11-22 21:20:19;610;0;16,00
2021-11-22 21:20:24;600;0;16,00
2021-11-22 21:20:29;600;0;16,00
2021-11-22 21:20:34;600;0;16,00
2021-11-22 21:20:39;600;0;16,00
2021-11-22 21:20:44;600;0;16,00
2021-11-22 21:20:49;600;0;16,00
2021-11-22 21:20:54;600;0;16,00
2021-11-22 21:20:59;600;0;16,00
2021-11-22 21:21:04;600;0;16,00
2021-11-22 21:21:09;600;0;16,00
2021-11-22 21:21:14;600;0;16,00
2021-11-22 21:21:19;600;0;16,00
2021-11-22 21:21:24;600;0;16,00
2021-11-22 21:21:29;600;0;16,00
2021-11-22 21:21:34;600;0;16,00
2021-11-22 21:21:39;600;0;16,00
2021-11-22 21:21:44;600;0;16,00
2021-11-22 21:21:49;590;0;16,00
2021-11-22 21:21:54;600;0;16,00
2021-11-22 21:21:59;600;0;16,00
2021-11-22 21:22:04;600;0;16,00
2021-11-22 21:22:09;600;0;16,00
2021-11-22 21:22:14;600;0;16,00
2021-11-22 21:22:19;600;0;16,00
2021-11-22 21:22:24;600;0;16,00
2021-11-22 21:22:29;600;0;16,00
2021-11-22 21:22:34;600;0;16,00
2021-11-22 21:22:39;590;0;16,00
2021-11-22 21:22:44;590;0;16,00
2021-11-22 21:22:49;600;0;16,00
2021-11-22 21:22:54;600;0;16,00
2021-11-22 21:22:59;600;0;16,00
2021-11-22 21:23:04;550;0;16,00
2021-11-22 21:23:09;550;0;16,00
2021-11-22 21:23:14;550;0;16,00
2021-11-22 21:23:19;550;0;16,00
2021-11-22 21:23:24;550;0;16,00
2021-11-22 21:23:29;550;0;16,00
2021-11-22 21:23:34;520;0;16,00
2021-11-22 21:23:39;550;0;16,00
2021-11-22 21:23:44;550;0;16,00
2021-11-22 21:23:49;550;0;16,00
2021-11-22 21:23:54;550;0;16,00
2021-11-22 21:23:59;550;0;16,00
2021-11-22 21:24:04;540;0;16,00
2021-11-22 21:24:09;550;0;16,00
2021-11-22 21:24:14;550;0;16,00
2021-11-22 21:24:19;550;0;16,00
2021-11-22 21:24:24;550;0;16,00
2021-11-22 21:24:29;550;0;16,00
2021-11-22 21:24:34;550;0;16,00
2021-11-22 21:24:39;530;0;16,00
2021-11-22 21:24:44;550;0;16,00
2021-11-22 21:24:49;560;0;16,00
2021-11-22 21:24:54;560;0;16,00
2021-11-22 21:24:59;560;0;16,00
2021-11-22 21:25:04;560;0;16,00
2021-11-22 21:25:09;560;0;16,00
2021-11-22 21:25:14;560;0;16,00
2021-11-22 21:25:19;560;0;16,00
2021-11-22 21:25:24;550;0;16,00
2021-11-22 21:25:29;560;0;16,00
2021-11-22 21:25:34;560;0;16,00
2021-11-22 21:25:39;560;0;16,00
2021-11-22 21:25:44;560;0;16,00
2021-11-22 21:25:49;560;0;16,00
2021-11-22 21:25:54;560;0;16,00
2021-11-22 21:25:59;560;0;16,00
2021-11-22 21:26:04;550;0;16,00
2021-11-22 21:26:09;560;0;16,00
2021-11-22 21:26:14;560;0;16,00
2021-11-22 21:26:19;550;0;16,00
2021-11-22 21:26:24;510;0;16,00
2021-11-22 21:26:29;520;0;16,00
2021-11-22 21:26:34;510;0;16,00
2021-11-22 21:26:39;510;0;16,00
2021-11-22 21:26:44;510;0;16,00
2021-11-22 21:26:49;510;0;16,00
2021-11-22 21:26:54;510;0;16,00
2021-11-22 21:26:59;510;0;16,00
2021-11-22 21:27:04;510;0;16,00
2021-11-22 21:27:09;510;0;16,00
2021-11-22 21:27:14;510;0;16,00
2021-11-22 21:27:19;510;0;16,00
2021-11-22 21:27:24;510;0;16,00
2021-11-22 21:27:29;520;0;16,00
2021-11-22 21:27:34;520;0;16,00
2021-11-22 21:27:39;520;0;16,00
2021-11-22 21:27:44;520;0;16,00
2021-11-22 21:27:49;520;0;16,00
2021-11-22 21:27:54;520;0;16,00
2021-11-22 21:27:59;520;0;16,00
2021-11-22 21:28:04;520;0;16,00
2021-11-22 21:28:09;520;0;16,00
2021-11-22 21:28:14;520;0;16,00
2021-11-22 21:28:19;520;0;16,00
2021-11-22 21:28:24;510;0;16,00
2021-11-22 21:28:29;520;0;16,00
2021-11-22 21:28:34;510;0;16,00
2021-11-22 21:28:39;500;0;16,00
2021-11-22 21:28:44;520;0;16,00
2021-11-22 21:28:49;520;0;16,00
2021-11-22 21:28:54;520;0;16,00
2021-11-22 21:28:59;510;0;16,00
2021-11-22 21:29:04;500;0;16,00
2021-11-22 21:29:09;500;0;16,00
2021-11-22 21:29:14;500;0;16,00
2021-11-22 21:29:19;500;0;16,00
2021-11-22 21:29:24;520;0;16,00
2021-11-22 21:29:29;520;0;16,00
2021-11-22 21:29:34;500;0;16,00
2021-11-22 21:29:39;510;0;16,00
2021-11-22 21:29:44;510;0;16,00
2021-11-22 21:29:49;520;0;16,00
2021-11-22 21:29:54;520;0;16,00
2021-11-22 21:29:59;510;0;16,00
2021-11-22 21:30:04;510;0;16,00
2021-11-22 21:30:09;510;0;16,00
2021-11-22 21:30:14;510;0;16,00
2021-11-22 21:30:19;910;0;16,00
2021-11-22 21:30:24;940;0;16,00
2021-11-22 21:30:29;940;0;16,00
2021-11-22 21:30:34;950;0;16,00
2021-11-22 21:30:39;940;0;16,00
2021-11-22 21:30:44;890;0;16,00
2021-11-22 21:30:49;510;0;16,00
2021-11-22 21:30:54;500;0;16,00
2021-11-22 21:30:59;510;0;16,00
2021-11-22 21:31:04;510;0;16,00
2021-11-22 21:31:09;500;0;16,00
2021-11-22 21:31:14;500;0;16,00
2021-11-22 21:31:19;510;0;16,00
2021-11-22 21:31:24;500;0;16,00
2021-11-22 21:31:29;500;0;16,00
2021-11-22 21:31:34;500;0;16,00
2021-11-22 21:31:39;500;0;16,00
2021-11-22 21:31:44;500;0;16,00
2021-11-22 21:31:49;500;0;16,00
2021-11-22 21:31:54;510;0;16,00
2021-11-22 21:31:59;500;0;16,00
2021-11-22 21:32:04;500;0;16,00
2021-11-22 21:32:09;500;0;16,00
2021-11-22 21:32:14;490;0;16,00
2021-11-22 21:32:19;480;0;16,00
2021-11-22 21:32:24;480;0;16,00
2021-11-22 21:32:29;480;0;16,00
2021-11-22 21:32:34;480;0;16,00
2021-11-22 21:32:39;480;0;16,00
2021-11-22 21:32:44;480;0;16,00
2021-11-22 21:32:49;480;0;16,00
2021-11-22 21:32:54;480;0;16,00
2021-11-22 21:32:59;480;0;16,00
2021-11-22 21:33:04;480;0;16,00
2021-11-22 21:33:09;490;0;16,00
2021-11-22 21:33:14;490;0;16,00
2021-11-22 21:33:19;480;0;16,00
2021-11-22 21:33:24;480;0;16,00
2021-11-22 21:33:29;480;0;16,00
2021-11-22 21:33:34;480;0;16,00
2021-11-22 21:33:39;480;0;16,00
2021-11-22 21:33:44;480;0;16,00
2021-11-22 21:33:49;490;0;16,00
2021-11-22 21:33:54;490;0;16,00
2021-11-22 21:33:59;480;0;16,00
2021-11-22 21:34:04;480;0;16,00
2021-11-22 21:34:09;490;0;16,00
2021-11-22 21:34:14;490;0;16,00
2021-11-22 21:34:19;490;0;16,00
2021-11-22 21:34:24;490;0;16,00
2021-11-22 21:34:29;490;0;16,00
2021-11-22 21:34:34;480;0;16,00
2021-11-22 21:34:39;490;0;16,00
2021-11-22 21:34:44;480;0;16,00
2021-11-22 21:34:49;480;0;16,00
2021-11-22 21:34:54;490;0;16,00
2021-11-22 21:34:59;490;0;16,00
2021-11-22 21:35:04;490;0;16,00
2021-11-22 21:35:09;490;0;16,00
2021-11-22 21:35:14;490;0;16,00
2021-11-22 21:35:19;490;0;16,00
2021-11-22 21:35:24;490;0;16,00
2021-11-22 21:35:29;490;0;16,00
2021-11-22 21:35:34;490;0;16,00
2021-11-22 21:35:39;490;0;16,00
2021-11-22 21:35:44;490;0;16,00
2021-11-22 21:35:49;490;0;16,00
2021-11-22 21:35:54;490;0;16,00
2021-11-22 21:35:59;490;0;16,00
2021-11-22 21:36:04;490;0;16,00
2021-11-22 21:36:09;490;0;15,75
2021-11-22 21:36:14;490;0;16,00
2021-11-22 21:36:19;490;0;16,00
2021-11-22 21:36:24;490;0;16,00
2021-11-22 21:36:29;490;0;16,00
2021-11-22 21:36:34;490;0;16,00
2021-11-22 21:36:39;490;0;16,00
2021-11-22 21:36:44;490;0;16,00
2021-11-22 21:36:49;490;0;15,75
2021-11-22 21:36:54;490;0;16,00
2021-11-22 21:36:59;490;0;16,00
2021-11-22 21:37:04;490;0;16,00
2021-11-22 21:37:09;490;0;16,00
2021-11-22 21:37:14;490;0;16,00
2021-11-22 21:37:19;490;0;16,00
2021-11-22 21:37:24;490;0;16,00
2021-11-22 21:37:29;490;0;16,00
2021-11-22 21:37:34;490;0;16,00
2021-11-22 21:37:39;490;0;16,00
2021-11-22 21:37:44;490;0;16,00
2021-11-22 21:37:49;490;0;16,00
2021-11-22 21:37:54;490;0;16,00
2021-11-22 21:37:59;490;0;16,00
2021-11-22 21:38:04;490;0;16,00
2021-11-22 21:38:09;490;0;16,00
2021-11-22 21:38:14;490;0;16,00
2021-11-22 21:38:19;490;0;16,00
2021-11-22 21:38:24;490;0;16,00
2021-11-22 21:38:29;490;0;16,00
2021-11-22 21:38:34;490;0;16,00
2021-11-22 21:38:39;490;0;16,00
2021-11-22 21:38:44;490;0;16,00
2021-11-22 21:38:49;490;0;16,00
2021-11-22 21:38:54;490;0;16,00
2021-11-22 21:38:59;490;0;15,75
2021-11-22 21:39:04;490;0;16,00
2021-11-22 21:39:09;490;0;16,00
2021-11-22 21:39:14;490;0;16,00
2021-11-22 21:39:19;490;0;16,00
2021-11-22 21:39:24;490;0;16,00
2021-11-22 21:39:29;490;0;16,00
2021-11-22 21:39:34;490;0;16,00
2021-11-22 21:39:39;490;0;16,00
2021-11-22 21:39:44;490;0;16,00
2021-11-22 21:39:49;490;0;16,00
2021-11-22 21:39:54;490;0;16,00
2021-11-22 21:39:59;490;0;16,00
2021-11-22 21:40:04;490;0;16,00
2021-11-22 21:40:09;490;0;16,00
2021-11-22 21:40:14;490;0;16,00
2021-11-22 21:40:19;490;0;16,00
2021-11-22 21:40:24;480;0;15,75
2021-11-22 21:40:29;490;0;16,00
2021-11-22 21:40:34;490;0;16,00
2021-11-22 21:40:39;480;0;16,00
2021-11-22 21:40:44;490;0;16,00
2021-11-22 21:40:49;490;0;16,00
2021-11-22 21:40:54;490;0;16,00
2021-11-22 21:40:59;480;0;15,75
2021-11-22 21:41:04;490;0;16,00
2021-11-22 21:41:09;480;0;16,00
2021-11-22 21:41:14;480;0;16,00
2021-11-22 21:41:19;480;0;16,00
2021-11-22 21:41:24;480;0;16,00
2021-11-22 21:41:29;480;0;15,75
2021-11-22 21:41:34;480;0;15,75
2021-11-22 21:41:39;480;0;15,75
2021-11-22 21:41:44;480;0;16,00
2021-11-22 21:41:49;480;0;16,00
2021-11-22 21:41:54;490;0;16,00
2021-11-22 21:41:59;480;0;15,75
2021-11-22 21:42:04;480;0;16,00
2021-11-22 21:42:09;480;0;16,00
2021-11-22 21:42:14;480;0;16,00
2021-11-22 21:42:19;480;0;16,00
2021-11-22 21:42:24;480;0;16,00
2021-11-22 21:42:29;480;0;15,75
2021-11-22 21:42:34;480;0;15,75
2021-11-22 21:42:39;480;0;16,00
2021-11-22 21:42:44;480;0;16,00
2021-11-22 21:42:49;480;0;15,75
2021-11-22 21:42:54;480;0;15,75
2021-11-22 21:42:59;480;0;16,00
2021-11-22 21:43:04;480;0;16,00
2021-11-22 21:43:09;480;0;15,75
2021-11-22 21:43:14;480;0;16,00
2021-11-22 21:43:19;480;0;16,00
2021-11-22 21:43:24;480;0;15,75
2021-11-22 21:43:29;480;0;15,75
2021-11-22 21:43:34;480;0;16,00
2021-11-22 21:43:39;480;0;15,75
2021-11-22 21:43:44;480;0;16,00
2021-11-22 21:43:49;480;0;16,00
2021-11-22 21:43:54;480;0;16,00
2021-11-22 21:43:59;480;0;16,00
2021-11-22 21:44:04;480;0;16,00
2021-11-22 21:44:09;490;0;16,00
2021-11-22 21:44:14;480;0;16,00
2021-11-22 21:44:19;480;0;15,75
2021-11-22 21:44:24;810;0;16,00
2021-11-22 21:44:29;900;0;15,75
2021-11-22 21:44:34;910;0;16,00
2021-11-22 21:44:39;910;0;15,75
2021-11-22 21:44:44;910;0;16,00
2021-11-22 21:44:49;910;0;15,75
2021-11-22 21:44:54;490;0;15,75
2021-11-22 21:44:59;490;0;16,00
2021-11-22 21:45:04;490;0;16,00
2021-11-22 21:45:09;490;0;15,75
2021-11-22 21:45:14;490;0;16,00
2021-11-22 21:45:19;490;0;16,00
2021-11-22 21:45:24;490;0;16,00
2021-11-22 21:45:29;490;0;16,00
2021-11-22 21:45:34;490;0;15,75
2021-11-22 21:45:39;490;0;15,75
2021-11-22 21:45:44;490;0;15,75
2021-11-22 21:45:49;490;0;16,00
2021-11-22 21:45:54;490;0;15,75
2021-11-22 21:45:59;490;0;15,75
2021-11-22 21:46:04;490;0;15,75
2021-11-22 21:46:09;490;0;15,75
2021-11-22 21:46:14;490;0;15,75
2021-11-22 21:46:19;490;0;15,75
2021-11-22 21:46:24;490;0;16,00
2021-11-22 21:46:29;490;0;15,75
2021-11-22 21:46:34;490;0;15,75
2021-11-22 21:46:39;490;0;15,75
2021-11-22 21:46:44;490;0;16,00
2021-11-22 21:46:49;490;0;15,75
2021-11-22 21:46:54;490;0;15,75
2021-11-22 21:46:59;490;0;15,75
2021-11-22 21:47:04;490;0;15,75
2021-11-22 21:47:09;490;0;15,75
2021-11-22 21:47:14;490;0;15,75
2021-11-22 21:47:19;490;0;15,75
2021-11-22 21:47:24;490;0;15,75
2021-11-22 21:47:29;490;0;16,00
2021-11-22 21:47:34;490;0;15,75
2021-11-22 21:47:39;490;0;15,75
2021-11-22 21:47:44;490;0;15,75
2021-11-22 21:47:49;480;0;15,75
2021-11-22 21:47:54;480;0;15,75
2021-11-22 21:47:59;490;0;15,75
2021-11-22 21:48:04;490;0;15,75
2021-11-22 21:48:09;490;0;15,75
2021-11-22 21:48:14;490;0;15,75
2021-11-22 21:48:19;490;0;15,75
2021-11-22 21:48:24;490;0;15,75
2021-11-22 21:48:29;490;0;15,75
2021-11-22 21:48:34;490;0;15,75
2021-11-22 21:48:39;490;0;15,75
2021-11-22 21:48:44;490;0;15,75
2021-11-22 21:48:49;490;0;15,75
2021-11-22 21:48:54;490;0;15,75
2021-11-22 21:48:59;490;0;15,75
2021-11-22 21:49:04;490;0;15,75
2021-11-22 21:49:09;490;0;15,75
2021-11-22 21:49:14;490;0;15,75
2021-11-22 21:49:19;490;0;15,75
2021-11-22 21:49:24;490;0;15,75
2021-11-22 21:49:29;490;0;15,75
2021-11-22 21:49:34;490;0;15,75
2021-11-22 21:49:39;490;0;15,75
2021-11-22 21:49:44;490;0;15,75
2021-11-22 21:49:49;490;0;15,75
2021-11-22 21:49:54;490;0;15,75
2021-11-22 21:49:59;490;0;15,75
2021-11-22 21:50:04;490;0;15,75
2021-11-22 21:50:09;490;0;15,75
2021-11-22 21:50:14;490;0;15,75
2021-11-22 21:50:19;490;0;15,75
2021-11-22 21:50:24;490;0;15,75
2021-11-22 21:50:29;480;0;16,00
2021-11-22 21:50:34;480;0;15,75
2021-11-22 21:50:39;480;0;15,75
2021-11-22 21:50:44;480;0;15,75
2021-11-22 21:50:49;480;0;15,75
2021-11-22 21:50:54;480;0;15,75
2021-11-22 21:50:59;480;0;15,75
2021-11-22 21:51:04;480;0;16,00
2021-11-22 21:51:09;480;0;16,00
2021-11-22 21:51:14;480;0;15,75
2021-11-22 21:51:19;480;0;15,75
2021-11-22 21:51:24;490;0;15,75
2021-11-22 21:51:29;480;0;15,75
2021-11-22 21:51:34;480;0;15,75
2021-11-22 21:51:39;490;0;15,75
2021-11-22 21:51:44;490;0;15,75
2021-11-22 21:51:49;480;0;15,75
2021-11-22 21:51:54;480;0;15,75
2021-11-22 21:51:59;480;0;15,75
2021-11-22 21:52:04;480;0;15,75
2021-11-22 21:52:09;480;0;15,75
2021-11-22 21:52:14;480;0;15,75
2021-11-22 21:52:19;490;0;15,75
2021-11-22 21:52:24;490;0;15,75
2021-11-22 21:52:29;490;0;15,75
2021-11-22 21:52:34;490;0;15,75
2021-11-22 21:52:39;490;0;15,75
2021-11-22 21:52:44;480;0;15,75
2021-11-22 21:52:49;480;0;15,75
2021-11-22 21:52:54;480;0;15,75
2021-11-22 21:52:59;490;0;15,75
2021-11-22 21:53:04;490;0;16,00
2021-11-22 21:53:09;480;0;15,75
2021-11-22 21:53:14;480;0;15,75
2021-11-22 21:53:19;480;0;16,00
2021-11-22 21:53:24;470;0;15,75
2021-11-22 21:53:29;480;0;15,75
2021-11-22 21:53:34;480;0;16,00
2021-11-22 21:53:39;480;0;15,75
2021-11-22 21:53:44;480;0;15,75
2021-11-22 21:53:49;480;0;15,75
2021-11-22 21:53:54;480;0;15,75
2021-11-22 21:53:59;480;0;15,75
2021-11-22 21:54:04;480;0;15,75
2021-11-22 21:54:09;480;0;15,75
2021-11-22 21:54:14;480;0;15,75
2021-11-22 21:54:19;480;0;15,75
2021-11-22 21:54:24;490;0;15,75
2021-11-22 21:54:29;490;0;15,75
2021-11-22 21:54:34;490;0;15,75
2021-11-22 21:54:39;490;0;15,75
2021-11-22 21:54:44;480;0;15,75
2021-11-22 21:54:49;490;0;15,75
2021-11-22 21:54:54;490;0;15,75
2021-11-22 21:54:59;490;0;15,75
2021-11-22 21:55:04;490;0;15,75
2021-11-22 21:55:09;490;0;15,75
2021-11-22 21:55:14;490;0;15,75
2021-11-22 21:55:19;490;0;15,75
2021-11-22 21:55:24;490;0;15,75
2021-11-22 21:55:29;490;0;15,75
2021-11-22 21:55:34;490;0;15,75
2021-11-22 21:55:39;490;0;15,75
2021-11-22 21:55:44;490;0;15,75
2021-11-22 21:55:49;490;0;15,75
2021-11-22 21:55:54;490;0;15,75
2021-11-22 21:55:59;490;0;15,75
2021-11-22 21:56:04;490;0;15,75
2021-11-22 21:56:09;490;0;15,75
2021-11-22 21:56:14;490;0;15,75
2021-11-22 21:56:19;500;0;15,75
2021-11-22 21:56:24;490;0;15,75
2021-11-22 21:56:29;490;0;15,75
2021-11-22 21:56:34;490;0;15,75
2021-11-22 21:56:39;490;0;15,75
2021-11-22 21:56:44;490;0;15,75
2021-11-22 21:56:49;490;0;15,75
2021-11-22 21:56:54;490;0;15,75
2021-11-22 21:56:59;490;0;15,75
2021-11-22 21:57:04;490;0;15,75
2021-11-22 21:57:09;490;0;15,75
2021-11-22 21:57:14;490;0;15,75
2021-11-22 21:57:19;490;0;15,75
2021-11-22 21:57:24;480;0;15,75
2021-11-22 21:57:29;480;0;15,75
2021-11-22 21:57:34;480;0;15,75
2021-11-22 21:57:39;480;0;15,75
2021-11-22 21:57:44;480;0;15,75
2021-11-22 21:57:49;480;0;15,75
2021-11-22 21:57:54;480;0;16,00
2021-11-22 21:57:59;490;0;15,75
2021-11-22 21:58:04;490;0;15,75
2021-11-22 21:58:09;490;0;15,75
2021-11-22 21:58:14;490;0;15,75
2021-11-22 21:58:19;490;0;15,75
2021-11-22 21:58:24;490;0;15,75
2021-11-22 21:58:29;890;0;15,75
2021-11-22 21:58:34;920;0;15,75
2021-11-22 21:58:39;920;0;15,75
2021-11-22 21:58:44;920;0;15,75
2021-11-22 21:58:49;920;0;15,75
2021-11-22 21:58:54;900;0;15,75
2021-11-22 21:58:59;490;0;15,75
2021-11-22 21:59:04;490;0;15,75
2021-11-22 21:59:09;490;0;15,75
2021-11-22 21:59:14;490;0;15,75
2021-11-22 21:59:19;490;0;15,75
2021-11-22 21:59:24;490;0;15,75
2021-11-22 21:59:29;490;0;15,75
2021-11-22 21:59:34;490;0;16,00
2021-11-22 21:59:39;490;0;15,75
2021-11-22 21:59:44;490;0;15,75
2021-11-22 21:59:49;480;0;15,75
2021-11-22 21:59:54;490;0;15,75
2021-11-22 21:59:59;490;0;15,75
2021-11-22 22:00:04;490;0;15,75
2021-11-22 22:00:09;490;0;15,75
2021-11-22 22:00:14;490;0;15,75
2021-11-22 22:00:19;500;0;15,75
2021-11-22 22:00:24;490;0;15,75
2021-11-22 22:00:29;490;0;15,75
2021-11-22 22:00:34;490;0;15,75
2021-11-22 22:00:39;490;0;15,75
2021-11-22 22:00:44;490;0;15,75
2021-11-22 22:00:49;490;0;15,75
2021-11-22 22:00:54;490;0;15,75
2021-11-22 22:00:59;490;0;15,75
2021-11-22 22:01:04;490;0;15,75
2021-11-22 22:01:09;490;0;15,75
2021-11-22 22:01:14;500;0;15,75
2021-11-22 22:01:19;490;0;15,75
2021-11-22 22:01:24;480;0;15,75
2021-11-22 22:01:29;490;0;15,75
2021-11-22 22:01:34;490;0;15,75
2021-11-22 22:01:39;490;0;15,75
2021-11-22 22:01:44;490;0;15,75
2021-11-22 22:01:49;490;0;15,75
2021-11-22 22:01:54;490;0;15,75
2021-11-22 22:01:59;500;0;15,75
2021-11-22 22:02:04;490;0;15,75
2021-11-22 22:02:09;490;0;15,75
2021-11-22 22:02:14;490;0;15,75
2021-11-22 22:02:19;490;0;15,75
2021-11-22 22:02:24;490;0;15,75
2021-11-22 22:02:29;490;0;15,75
2021-11-22 22:02:34;490;0;15,75
2021-11-22 22:02:39;490;0;15,75
2021-11-22 22:02:44;490;0;16,00
2021-11-22 22:02:49;490;0;15,75
2021-11-22 22:02:54;490;0;15,75
2021-11-22 22:02:59;490;0;15,75
2021-11-22 22:03:04;500;0;15,75
2021-11-22 22:03:09;490;0;15,75
2021-11-22 22:03:14;490;0;15,75
2021-11-22 22:03:19;490;0;15,75
2021-11-22 22:03:24;490;0;15,75
2021-11-22 22:03:29;490;0;15,75
2021-11-22 22:03:34;490;0;15,75
2021-11-22 22:03:39;490;0;15,75
2021-11-22 22:03:44;490;0;15,75
2021-11-22 22:03:49;490;0;16,00
2021-11-22 22:03:54;490;0;15,75
2021-11-22 22:03:59;490;0;15,75
2021-11-22 22:04:04;490;0;15,75
2021-11-22 22:04:09;490;0;15,75
2021-11-22 22:04:14;490;0;15,75
2021-11-22 22:04:19;490;0;15,75
2021-11-22 22:04:24;490;0;16,00
2021-11-22 22:04:29;490;0;15,75
2021-11-22 22:04:34;490;0;15,75
2021-11-22 22:04:39;490;0;15,75
2021-11-22 22:04:44;490;0;15,75
2021-11-22 22:04:49;490;0;15,75
2021-11-22 22:04:54;490;0;15,75
2021-11-22 22:04:59;490;0;15,75
2021-11-22 22:05:04;490;0;15,75
2021-11-22 22:05:09;490;0;15,75
2021-11-22 22:05:14;490;0;15,75
2021-11-22 22:05:19;490;0;15,75
2021-11-22 22:05:24;490;0;15,75
2021-11-22 22:05:29;490;0;15,75
2021-11-22 22:05:34;490;0;15,75
2021-11-22 22:05:39;490;0;15,75
2021-11-22 22:05:44;490;0;15,75
2021-11-22 22:05:49;490;0;16,00
2021-11-22 22:05:54;500;0;15,75
2021-11-22 22:05:59;490;0;15,75
2021-11-22 22:06:04;490;0;15,75
2021-11-22 22:06:09;490;0;15,75
2021-11-22 22:06:14;500;0;15,75
2021-11-22 22:06:19;490;0;15,75
2021-11-22 22:06:24;490;0;15,75
2021-11-22 22:06:29;490;0;15,75
2021-11-22 22:06:34;490;0;15,75
2021-11-22 22:06:39;490;0;15,75
2021-11-22 22:06:44;490;0;16,00
2021-11-22 22:06:49;490;0;15,75
2021-11-22 22:06:54;500;0;15,75
2021-11-22 22:06:59;490;0;15,75
2021-11-22 22:07:04;490;0;15,75
2021-11-22 22:07:09;490;0;15,75
2021-11-22 22:07:14;490;0;15,75
2021-11-22 22:07:19;490;0;15,75
2021-11-22 22:07:24;490;0;15,75
2021-11-22 22:07:29;490;0;15,75
2021-11-22 22:07:34;490;0;16,00
2021-11-22 22:07:39;490;0;15,75
2021-11-22 22:07:44;490;0;15,75
2021-11-22 22:07:49;490;0;15,75
2021-11-22 22:07:54;490;0;15,75
2021-11-22 22:07:59;490;0;15,75
2021-11-22 22:08:04;490;0;15,75
2021-11-22 22:08:09;490;0;15,75
2021-11-22 22:08:14;490;0;15,75
2021-11-22 22:08:19;490;0;15,75
2021-11-22 22:08:24;490;0;15,75
2021-11-22 22:08:29;490;0;15,75
2021-11-22 22:08:34;500;0;15,75
2021-11-22 22:08:39;490;0;16,00
2021-11-22 22:08:44;500;0;15,75
2021-11-22 22:08:49;500;0;15,75
2021-11-22 22:08:54;500;0;15,75
2021-11-22 22:08:59;500;0;15,75
2021-11-22 22:09:04;490;0;15,75
2021-11-22 22:09:09;470;0;15,75
2021-11-22 22:09:14;470;0;15,75
2021-11-22 22:09:19;1150;0;15,75
2021-11-22 22:09:24;510;0;15,75
2021-11-22 22:09:29;540;0;15,75
2021-11-22 22:09:34;530;0;16,00
2021-11-22 22:09:39;600;0;15,75
2021-11-22 22:09:44;580;0;15,75
2021-11-22 22:09:49;540;0;15,75
2021-11-22 22:09:54;550;0;15,75
2021-11-22 22:09:59;540;0;15,75
2021-11-22 22:10:04;540;0;15,75
2021-11-22 22:10:09;540;0;15,75
2021-11-22 22:10:14;540;0;15,75
2021-11-22 22:10:19;540;0;15,75
2021-11-22 22:10:24;540;0;15,75
2021-11-22 22:10:29;530;0;15,75
2021-11-22 22:10:34;520;0;15,75
2021-11-22 22:10:39;520;0;15,75
2021-11-22 22:10:44;530;0;15,75
2021-11-22 22:10:49;530;0;15,75
2021-11-22 22:10:54;530;0;15,75
2021-11-22 22:10:59;530;0;15,75
2021-11-22 22:11:04;530;0;15,75
2021-11-22 22:11:09;530;0;15,75
2021-11-22 22:11:14;530;0;15,75
2021-11-22 22:11:19;530;0;15,75
2021-11-22 22:11:24;540;0;15,75
2021-11-22 22:11:29;510;0;15,75
2021-11-22 22:11:34;520;0;15,75
2021-11-22 22:11:39;530;0;15,75
2021-11-22 22:11:44;530;0;15,75
2021-11-22 22:11:49;520;0;15,75
2021-11-22 22:11:54;520;0;15,75
2021-11-22 22:11:59;530;0;15,75
2021-11-22 22:12:04;520;0;15,75
2021-11-22 22:12:09;520;0;15,75
2021-11-22 22:12:14;520;0;15,75
2021-11-22 22:12:19;520;0;15,75
2021-11-22 22:12:24;980;0;15,75
2021-11-22 22:12:29;1030;0;15,75
2021-11-22 22:12:34;1060;0;15,75
2021-11-22 22:12:39;1060;0;15,75
2021-11-22 22:12:44;1060;0;15,75
2021-11-22 22:12:49;1060;0;15,75
2021-11-22 22:12:54;600;0;15,75
2021-11-22 22:12:59;590;0;15,75
2021-11-22 22:13:04;590;0;15,75
2021-11-22 22:13:09;590;0;15,75
2021-11-22 22:13:14;590;0;15,75
2021-11-22 22:13:19;580;0;15,75
2021-11-22 22:13:24;590;0;15,75
2021-11-22 22:13:29;590;0;15,75
2021-11-22 22:13:34;590;0;15,75
2021-11-22 22:13:39;590;0;15,75
2021-11-22 22:13:44;580;0;15,75
2021-11-22 22:13:49;590;0;15,75
2021-11-22 22:13:54;590;0;15,75
2021-11-22 22:13:59;590;0;15,75
2021-11-22 22:14:04;580;0;15,75
2021-11-22 22:14:09;580;0;15,75
2021-11-22 22:14:14;580;0;15,75
2021-11-22 22:14:19;580;0;15,75
2021-11-22 22:14:24;570;0;15,75
2021-11-22 22:14:29;510;0;15,75
2021-11-22 22:14:34;510;0;15,75
2021-11-22 22:14:39;510;0;15,75
2021-11-22 22:14:44;510;0;15,75
2021-11-22 22:14:49;510;0;15,75
2021-11-22 22:14:54;510;0;15,75
2021-11-22 22:14:59;510;0;15,75
2021-11-22 22:15:04;510;0;15,75
2021-11-22 22:15:09;510;0;15,75
2021-11-22 22:15:14;510;0;15,75
2021-11-22 22:15:19;510;0;15,75
2021-11-22 22:15:24;510;0;15,75
2021-11-22 22:15:29;510;0;15,75
2021-11-22 22:15:34;510;0;15,75
2021-11-22 22:15:39;510;0;15,75
2021-11-22 22:15:44;510;0;15,75
2021-11-22 22:15:49;510;0;15,75
2021-11-22 22:15:54;510;0;15,75
2021-11-22 22:15:59;500;0;15,75
2021-11-22 22:16:04;550;0;15,75
2021-11-22 22:16:09;550;0;15,75
2021-11-22 22:16:14;500;0;15,75
2021-11-22 22:16:19;500;0;15,75
2021-11-22 22:16:24;500;0;15,75
2021-11-22 22:16:29;500;0;15,75
2021-11-22 22:16:34;510;0;15,75
2021-11-22 22:16:39;510;0;15,75
2021-11-22 22:16:44;510;0;15,75
2021-11-22 22:16:49;510;0;15,75
2021-11-22 22:16:54;510;0;15,75
2021-11-22 22:16:59;510;0;15,75
2021-11-22 22:17:04;510;0;15,75
2021-11-22 22:17:09;510;0;15,75
2021-11-22 22:17:14;510;0;15,75
2021-11-22 22:17:19;510;0;15,75
2021-11-22 22:17:24;510;0;15,75
2021-11-22 22:17:29;510;0;15,75
2021-11-22 22:17:34;510;0;15,75
2021-11-22 22:17:39;510;0;15,75
2021-11-22 22:17:44;510;0;15,75
2021-11-22 22:17:49;500;0;15,75
2021-11-22 22:17:54;500;0;15,75
2021-11-22 22:17:59;550;0;15,75
2021-11-22 22:18:04;540;0;15,75
2021-11-22 22:18:09;540;0;15,75
2021-11-22 22:18:14;560;0;15,75
2021-11-22 22:18:19;550;0;15,75
2021-11-22 22:18:24;500;0;15,75
2021-11-22 22:18:29;510;0;15,75
2021-11-22 22:18:34;500;0;15,75
2021-11-22 22:18:39;500;0;15,75
2021-11-22 22:18:44;500;0;15,75
2021-11-22 22:18:49;500;0;15,75
2021-11-22 22:18:54;510;0;15,75
2021-11-22 22:18:59;510;0;15,75
2021-11-22 22:19:04;510;0;15,75
2021-11-22 22:19:09;510;0;15,75
2021-11-22 22:19:14;510;0;15,75
2021-11-22 22:19:19;500;0;15,75
2021-11-22 22:19:24;500;0;15,75
2021-11-22 22:19:29;500;0;15,75
2021-11-22 22:19:34;500;0;15,75
2021-11-22 22:19:39;500;0;15,75
2021-11-22 22:19:44;500;0;15,75
2021-11-22 22:19:49;500;0;15,75
2021-11-22 22:19:54;500;0;15,75
2021-11-22 22:19:59;500;0;15,75
2021-11-22 22:20:04;500;0;15,75
2021-11-22 22:20:09;500;0;15,75
2021-11-22 22:20:14;500;0;15,75
2021-11-22 22:20:19;500;0;15,75
2021-11-22 22:20:24;500;0;15,75
2021-11-22 22:20:29;500;0;15,75
2021-11-22 22:20:34;500;0;15,75
2021-11-22 22:20:39;490;0;15,75
2021-11-22 22:20:44;500;0;15,75
2021-11-22 22:20:49;500;0;15,75
2021-11-22 22:20:54;500;0;15,75
2021-11-22 22:20:59;500;0;15,75
2021-11-22 22:21:04;510;0;15,75
2021-11-22 22:21:09;500;0;15,75
2021-11-22 22:21:14;500;0;15,75
2021-11-22 22:21:19;500;0;15,75
2021-11-22 22:21:24;500;0;15,75
2021-11-22 22:21:29;500;0;15,75
2021-11-22 22:21:34;500;0;15,75
2021-11-22 22:21:39;500;0;15,75
2021-11-22 22:21:44;500;0;15,75
2021-11-22 22:21:49;500;0;15,75
2021-11-22 22:21:54;500;0;15,75
2021-11-22 22:21:59;500;0;15,75
2021-11-22 22:22:04;500;0;15,75
2021-11-22 22:22:09;500;0;15,75
2021-11-22 22:22:14;500;0;15,75
2021-11-22 22:22:19;500;0;15,75
2021-11-22 22:22:24;500;0;15,75
2021-11-22 22:22:29;500;0;15,75
2021-11-22 22:22:34;500;0;15,75
2021-11-22 22:22:39;500;0;15,75
2021-11-22 22:22:44;500;0;15,75
2021-11-22 22:22:49;500;0;15,75
2021-11-22 22:22:54;500;0;15,75
2021-11-22 22:22:59;490;0;15,75
2021-11-22 22:23:04;500;0;15,75
2021-11-22 22:23:09;500;0;15,75
2021-11-22 22:23:14;500;0;15,75
2021-11-22 22:23:19;490;0;15,75
2021-11-22 22:23:24;500;0;15,75
2021-11-22 22:23:29;1200;0;15,75
2021-11-22 22:23:34;1200;0;15,75
2021-11-22 22:23:39;1180;0;15,75
2021-11-22 22:23:44;1170;0;15,75
2021-11-22 22:23:49;1170;0;15,75
2021-11-22 22:23:54;1160;0;15,75
2021-11-22 22:23:59;1160;0;15,75
2021-11-22 22:24:04;1160;0;15,75
2021-11-22 22:24:09;1160;0;15,75
2021-11-22 22:24:14;1160;0;15,75
2021-11-22 22:24:19;490;0;15,75
2021-11-22 22:24:24;490;0;15,75
2021-11-22 22:24:29;500;0;15,75
2021-11-22 22:24:34;500;0;15,75
2021-11-22 22:24:39;490;0;15,75
2021-11-22 22:24:44;500;0;15,75
2021-11-22 22:24:49;490;0;15,75
2021-11-22 22:24:54;490;0;15,75
2021-11-22 22:24:59;490;0;15,75
2021-11-22 22:25:04;490;0;15,75
2021-11-22 22:25:09;490;0;15,75
2021-11-22 22:25:14;490;0;15,75
2021-11-22 22:25:19;490;0;15,75
2021-11-22 22:25:24;490;0;15,75
2021-11-22 22:25:29;490;0;15,75
2021-11-22 22:25:34;480;0;15,75
2021-11-22 22:25:39;480;0;15,75
2021-11-22 22:25:44;490;0;15,75
2021-11-22 22:25:49;490;0;15,75
2021-11-22 22:25:54;490;0;15,75
2021-11-22 22:25:59;480;0;15,75
2021-11-22 22:26:04;480;0;15,75
2021-11-22 22:26:09;490;0;15,75
2021-11-22 22:26:14;480;0;15,75
2021-11-22 22:26:19;910;0;15,75
2021-11-22 22:26:24;950;0;15,75
2021-11-22 22:26:29;960;0;15,75
2021-11-22 22:26:34;960;0;15,75
2021-11-22 22:26:39;890;0;15,75
2021-11-22 22:26:44;890;0;15,75
2021-11-22 22:26:49;440;0;15,75
2021-11-22 22:26:54;440;0;15,75
2021-11-22 22:26:59;430;0;15,75
2021-11-22 22:27:04;440;0;15,75
2021-11-22 22:27:09;440;0;15,75
2021-11-22 22:27:14;440;0;15,75
2021-11-22 22:27:19;440;0;15,75
2021-11-22 22:27:24;440;0;15,75
2021-11-22 22:27:29;440;0;15,75
2021-11-22 22:27:34;440;0;15,75
2021-11-22 22:27:39;430;0;15,75
2021-11-22 22:27:44;430;0;15,75
2021-11-22 22:27:49;430;0;15,75
2021-11-22 22:27:54;440;0;15,75
2021-11-22 22:27:59;430;0;15,75
2021-11-22 22:28:04;430;0;15,75
2021-11-22 22:28:09;430;0;15,75
2021-11-22 22:28:14;440;0;15,75
2021-11-22 22:28:19;440;0;15,75
2021-11-22 22:28:24;430;0;15,75
2021-11-22 22:28:29;440;0;15,75
2021-11-22 22:28:34;430;0;15,75
2021-11-22 22:28:39;430;0;15,75
2021-11-22 22:28:44;440;0;15,75
2021-11-22 22:28:49;440;0;15,75
2021-11-22 22:28:54;440;0;15,75
2021-11-22 22:28:59;430;0;15,75
2021-11-22 22:29:04;440;0;15,75
2021-11-22 22:29:09;440;0;15,75
2021-11-22 22:29:14;430;0;15,75
2021-11-22 22:29:19;430;0;15,75
2021-11-22 22:29:24;430;0;15,75
2021-11-22 22:29:29;430;0;15,75
2021-11-22 22:29:34;430;0;15,75
2021-11-22 22:29:39;430;0;15,75
2021-11-22 22:29:44;430;0;15,75
2021-11-22 22:29:49;430;0;15,75
2021-11-22 22:29:54;430;0;15,75
2021-11-22 22:29:59;430;0;15,75
2021-11-22 22:30:04;420;0;15,75
2021-11-22 22:30:09;420;0;15,75
2021-11-22 22:30:14;420;0;15,75
2021-11-22 22:30:19;400;0;15,75
2021-11-22 22:30:24;430;0;15,75
2021-11-22 22:30:29;430;0;15,75
2021-11-22 22:30:34;430;0;15,75
2021-11-22 22:30:39;430;0;15,75
2021-11-22 22:30:44;430;0;15,75
2021-11-22 22:30:49;430;0;15,75
2021-11-22 22:30:54;420;0;15,75
2021-11-22 22:30:59;420;0;15,75
2021-11-22 22:31:04;430;0;15,75
2021-11-22 22:31:09;420;0;15,75
2021-11-22 22:31:14;430;0;15,75
2021-11-22 22:31:19;430;0;15,75
2021-11-22 22:31:24;430;0;15,75
2021-11-22 22:31:29;430;0;15,75
2021-11-22 22:31:34;420;0;15,75
2021-11-22 22:31:39;420;0;15,75
2021-11-22 22:31:44;420;0;15,75
2021-11-22 22:31:49;420;0;15,75
2021-11-22 22:31:54;420;0;15,75
2021-11-22 22:31:59;420;0;15,75
2021-11-22 22:32:04;420;0;15,75
2021-11-22 22:32:09;420;0;15,75
2021-11-22 22:32:14;420;0;15,75
2021-11-22 22:32:19;420;0;15,75
2021-11-22 22:32:24;420;0;15,75
2021-11-22 22:32:29;420;0;15,75
2021-11-22 22:32:34;420;0;15,75
2021-11-22 22:32:39;420;0;15,75
2021-11-22 22:32:44;420;0;15,75
2021-11-22 22:32:49;430;0;15,75
2021-11-22 22:32:54;420;0;15,75
2021-11-22 22:32:59;430;0;15,75
2021-11-22 22:33:04;390;0;15,75
2021-11-22 22:33:09;390;0;15,75
2021-11-22 22:33:14;400;0;15,75
2021-11-22 22:33:19;390;0;15,75
2021-11-22 22:33:24;390;0;15,75
2021-11-22 22:33:29;400;0;15,75
2021-11-22 22:33:34;390;0;15,75
2021-11-22 22:33:39;390;0;15,75
2021-11-22 22:33:44;390;0;15,75
2021-11-22 22:33:49;390;0;15,75
2021-11-22 22:33:54;390;0;15,75
2021-11-22 22:33:59;390;0;15,75
2021-11-22 22:34:04;390;0;15,75
2021-11-22 22:34:09;390;0;15,75
2021-11-22 22:34:14;390;0;15,75
2021-11-22 22:34:19;390;0;15,75
2021-11-22 22:34:24;390;0;15,75
2021-11-22 22:34:29;390;0;15,75
2021-11-22 22:34:34;390;0;15,75
2021-11-22 22:34:39;390;0;15,75
2021-11-22 22:34:44;390;0;15,75
2021-11-22 22:34:49;390;0;15,75
2021-11-22 22:34:54;390;0;15,75
2021-11-22 22:34:59;390;0;15,75
2021-11-22 22:35:04;390;0;15,75
2021-11-22 22:35:09;390;0;15,75
2021-11-22 22:35:14;390;0;15,75
2021-11-22 22:35:19;390;0;15,75
2021-11-22 22:35:24;390;0;15,75
2021-11-22 22:35:29;390;0;15,75
2021-11-22 22:35:34;390;0;15,75
2021-11-22 22:35:39;390;0;15,75
2021-11-22 22:35:44;390;0;15,75
2021-11-22 22:35:49;390;0;15,75
2021-11-22 22:35:54;390;0;15,75
2021-11-22 22:35:59;390;0;15,75
2021-11-22 22:36:04;390;0;15,75
2021-11-22 22:36:09;390;0;15,75
2021-11-22 22:36:14;380;0;15,75
2021-11-22 22:36:19;380;0;15,75
2021-11-22 22:36:24;380;0;15,75
2021-11-22 22:36:29;390;0;15,75
2021-11-22 22:36:34;390;0;15,75
2021-11-22 22:36:39;390;0;15,75
2021-11-22 22:36:44;390;0;15,75
2021-11-22 22:36:49;390;0;15,75
2021-11-22 22:36:54;390;0;15,75
2021-11-22 22:36:59;390;0;15,75
2021-11-22 22:37:04;390;0;15,75
2021-11-22 22:37:09;380;0;15,75
2021-11-22 22:37:14;390;0;15,75
2021-11-22 22:37:19;390;0;15,75
2021-11-22 22:37:24;390;0;15,75
2021-11-22 22:37:29;390;0;15,75
2021-11-22 22:37:34;390;0;15,75
2021-11-22 22:37:39;390;0;15,75
2021-11-22 22:37:44;380;0;15,75
2021-11-22 22:37:49;380;0;15,75
2021-11-22 22:37:54;380;0;15,75
2021-11-22 22:37:59;390;0;15,75
2021-11-22 22:38:04;390;0;15,75
2021-11-22 22:38:09;380;0;15,75
2021-11-22 22:38:14;380;0;15,75
2021-11-22 22:38:19;390;0;15,75
2021-11-22 22:38:24;390;0;15,75
2021-11-22 22:38:29;380;0;15,75
2021-11-22 22:38:34;380;0;15,75
2021-11-22 22:38:39;390;0;15,75
2021-11-22 22:38:44;380;0;15,75
2021-11-22 22:38:49;390;0;15,75
2021-11-22 22:38:54;380;0;15,75
2021-11-22 22:38:59;390;0;15,75
2021-11-22 22:39:04;390;0;15,75
2021-11-22 22:39:09;390;0;15,75
2021-11-22 22:39:14;380;0;15,75
2021-11-22 22:39:19;390;0;15,75
2021-11-22 22:39:24;390;0;15,75
2021-11-22 22:39:29;390;0;15,75
2021-11-22 22:39:34;380;0;15,75
2021-11-22 22:39:39;390;0;15,75
2021-11-22 22:39:44;380;0;15,75
2021-11-22 22:39:49;390;0;15,75
2021-11-22 22:39:54;380;0;15,75
2021-11-22 22:39:59;390;0;15,75
2021-11-22 22:40:04;380;0;15,75
2021-11-22 22:40:09;390;0;15,75
2021-11-22 22:40:14;380;0;15,75
2021-11-22 22:40:19;380;0;15,75
2021-11-22 22:40:24;380;0;15,75
2021-11-22 22:40:29;380;0;15,75
2021-11-22 22:40:34;380;0;15,75
2021-11-22 22:40:39;380;0;15,75
2021-11-22 22:40:44;380;0;15,75
2021-11-22 22:40:49;390;0;15,75
2021-11-22 22:40:54;380;0;15,75
2021-11-22 22:40:59;390;0;15,75
2021-11-22 22:41:04;390;0;15,75
2021-11-22 22:41:09;380;0;15,75
2021-11-22 22:41:14;380;0;15,75
2021-11-22 22:41:19;380;0;15,75
2021-11-22 22:41:24;390;0;15,75
2021-11-22 22:41:29;380;0;15,75
2021-11-22 22:41:34;380;0;15,75
2021-11-22 22:41:39;390;0;15,75
2021-11-22 22:41:44;380;0;15,75
2021-11-22 22:41:49;390;0;15,75
2021-11-22 22:41:54;380;0;15,75
2021-11-22 22:41:59;380;0;15,75
2021-11-22 22:42:04;390;0;15,75
2021-11-22 22:42:09;390;0;15,75
2021-11-22 22:42:14;380;0;15,75
2021-11-22 22:42:19;390;0;15,75
2021-11-22 22:42:24;390;0;15,75
2021-11-22 22:42:29;390;0;15,75
2021-11-22 22:42:34;390;0;15,75
2021-11-22 22:42:39;390;0;15,75
2021-11-22 22:42:44;390;0;15,75
2021-11-22 22:42:49;390;0;15,75
2021-11-22 22:42:54;390;0;15,75
2021-11-22 22:42:59;390;0;15,75
2021-11-22 22:43:04;390;0;15,75
2021-11-22 22:43:09;390;0;15,75
2021-11-22 22:43:14;390;0;15,75
2021-11-22 22:43:19;380;0;15,75
2021-11-22 22:43:24;390;0;15,75
2021-11-22 22:43:29;390;0;15,75
2021-11-22 22:43:34;760;0;15,75
2021-11-22 22:43:39;800;0;15,75
2021-11-22 22:43:44;790;0;15,75
2021-11-22 22:43:49;790;0;15,75
2021-11-22 22:43:54;790;0;15,75
2021-11-22 22:43:59;790;0;15,75
2021-11-22 22:44:04;380;0;15,75
2021-11-22 22:44:09;380;0;15,75
2021-11-22 22:44:14;380;0;15,75
2021-11-22 22:44:19;380;0;15,75
2021-11-22 22:44:24;380;0;15,75
2021-11-22 22:44:29;380;0;15,75
2021-11-22 22:44:34;380;0;15,75
2021-11-22 22:44:39;390;0;15,75
2021-11-22 22:44:44;390;0;15,75
2021-11-22 22:44:49;380;0;15,75
2021-11-22 22:44:54;390;0;15,75
2021-11-22 22:44:59;390;0;15,75
2021-11-22 22:45:04;390;0;15,75
2021-11-22 22:45:09;390;0;15,75
2021-11-22 22:45:14;390;0;15,75
2021-11-22 22:45:19;390;0;15,75
2021-11-22 22:45:24;380;0;15,75
2021-11-22 22:45:29;380;0;15,50
2021-11-22 22:45:34;380;0;15,75
2021-11-22 22:45:39;380;0;15,75
2021-11-22 22:45:44;380;0;15,75
2021-11-22 22:45:49;380;0;15,75
2021-11-22 22:45:54;380;0;15,75
2021-11-22 22:45:59;380;0;15,75
2021-11-22 22:46:04;380;0;15,75
2021-11-22 22:46:09;380;0;15,75
2021-11-22 22:46:14;380;0;15,75
2021-11-22 22:46:19;380;0;15,50
2021-11-22 22:46:24;380;0;15,75
2021-11-22 22:46:29;380;0;15,75
2021-11-22 22:46:34;380;0;15,50
2021-11-22 22:46:39;380;0;15,75
2021-11-22 22:46:44;380;0;15,75
2021-11-22 22:46:49;380;0;15,50
2021-11-22 22:46:54;380;0;15,50
2021-11-22 22:46:59;380;0;15,50
2021-11-22 22:47:04;390;0;15,50
2021-11-22 22:47:09;380;0;15,75
2021-11-22 22:47:14;380;0;15,50
2021-11-22 22:47:19;380;0;15,50
2021-11-22 22:47:24;380;0;15,50
2021-11-22 22:47:29;380;0;15,75
2021-11-22 22:47:34;380;0;15,75
2021-11-22 22:47:39;380;0;15,75
2021-11-22 22:47:44;380;0;15,50
2021-11-22 22:47:49;380;0;15,50
2021-11-22 22:47:54;380;0;15,75
2021-11-22 22:47:59;380;0;15,50
2021-11-22 22:48:04;380;0;15,50
2021-11-22 22:48:09;380;0;15,75
2021-11-22 22:48:14;380;0;15,75
2021-11-22 22:48:19;380;0;15,50
2021-11-22 22:48:24;380;0;15,50
2021-11-22 22:48:29;380;0;15,50
2021-11-22 22:48:34;380;0;15,50
2021-11-22 22:48:39;370;0;15,50
2021-11-22 22:48:44;380;0;15,50
2021-11-22 22:48:49;380;0;15,75
2021-11-22 22:48:54;380;0;15,50
2021-11-22 22:48:59;380;0;15,50
2021-11-22 22:49:04;380;0;15,50
2021-11-22 22:49:09;380;0;15,50
2021-11-22 22:49:14;380;0;15,50
2021-11-22 22:49:19;380;0;15,50
2021-11-22 22:49:24;380;0;15,75
2021-11-22 22:49:29;380;0;15,50
2021-11-22 22:49:34;380;0;15,50
2021-11-22 22:49:39;380;0;15,50
2021-11-22 22:49:44;380;0;15,50
2021-11-22 22:49:49;370;0;15,75
2021-11-22 22:49:54;380;0;15,50
2021-11-22 22:49:59;370;0;15,75
2021-11-22 22:50:04;370;0;15,50
2021-11-22 22:50:09;370;0;15,50
2021-11-22 22:50:14;380;0;15,50
2021-11-22 22:50:19;380;0;15,50
2021-11-22 22:50:24;380;0;15,50
2021-11-22 22:50:29;370;0;15,50
2021-11-22 22:50:34;380;0;15,50
2021-11-22 22:50:39;380;0;15,75
2021-11-22 22:50:44;380;0;15,50
2021-11-22 22:50:49;380;0;15,50
2021-11-22 22:50:54;380;0;15,50
2021-11-22 22:50:59;380;0;15,50
2021-11-22 22:51:04;380;0;15,50
2021-11-22 22:51:09;380;0;15,50
2021-11-22 22:51:14;380;0;15,75
2021-11-22 22:51:19;380;0;15,50
2021-11-22 22:51:24;380;0;15,50
2021-11-22 22:51:29;380;0;15,50
2021-11-22 22:51:34;380;0;15,50
2021-11-22 22:51:39;380;0;15,50
2021-11-22 22:51:44;380;0;15,50
2021-11-22 22:51:49;380;0;15,50
2021-11-22 22:51:54;380;0;15,50
2021-11-22 22:51:59;380;0;15,50
2021-11-22 22:52:04;380;0;15,50
2021-11-22 22:52:09;380;0;15,50
2021-11-22 22:52:14;380;0;15,50
2021-11-22 22:52:19;380;0;15,50
2021-11-22 22:52:24;380;0;15,50
2021-11-22 22:52:29;380;0;15,50
2021-11-22 22:52:34;380;0;15,50
2021-11-22 22:52:39;380;0;15,50
2021-11-22 22:52:44;380;0;15,50
2021-11-22 22:52:49;380;0;15,50
2021-11-22 22:52:54;370;0;15,50
2021-11-22 22:52:59;380;0;15,50
2021-11-22 22:53:04;380;0;15,50
2021-11-22 22:53:09;380;0;15,50
2021-11-22 22:53:14;380;0;15,50
2021-11-22 22:53:19;380;0;15,50
2021-11-22 22:53:24;380;0;15,50
2021-11-22 22:53:29;380;0;15,50
2021-11-22 22:53:34;380;0;15,50
2021-11-22 22:53:39;390;0;15,50
2021-11-22 22:53:44;380;0;15,50
2021-11-22 22:53:49;390;0;15,50
2021-11-22 22:53:54;380;0;15,50
2021-11-22 22:53:59;380;0;15,50
2021-11-22 22:54:04;370;0;15,50
2021-11-22 22:54:09;370;0;15,50
2021-11-22 22:54:14;380;0;15,50
2021-11-22 22:54:19;380;0;15,50
2021-11-22 22:54:24;380;0;15,50
2021-11-22 22:54:29;380;0;15,50
2021-11-22 22:54:34;380;0;15,50
2021-11-22 22:54:39;390;0;15,50
2021-11-22 22:54:44;380;0;15,50
2021-11-22 22:54:49;380;0;15,50
2021-11-22 22:54:54;380;0;15,50
2021-11-22 22:54:59;380;0;15,50
2021-11-22 22:55:04;370;0;15,50
2021-11-22 22:55:09;380;0;15,50
2021-11-22 22:55:14;380;0;15,50
2021-11-22 22:55:19;380;0;15,50
2021-11-22 22:55:24;370;0;15,50
2021-11-22 22:55:29;380;0;15,50
2021-11-22 22:55:34;380;0;15,50
2021-11-22 22:55:39;380;0;15,50
2021-11-22 22:55:44;380;0;15,50
2021-11-22 22:55:49;380;0;15,50
2021-11-22 22:55:54;380;0;15,50
2021-11-22 22:55:59;370;0;15,50
2021-11-22 22:56:04;380;0;15,50
2021-11-22 22:56:09;380;0;15,50
2021-11-22 22:56:14;380;0;15,50
2021-11-22 22:56:19;380;0;15,50
2021-11-22 22:56:24;370;0;15,50
2021-11-22 22:56:29;380;0;15,50
2021-11-22 22:56:34;370;0;15,50
2021-11-22 22:56:39;370;0;15,50
2021-11-22 22:56:44;370;0;15,50
2021-11-22 22:56:49;370;0;15,50
2021-11-22 22:56:54;370;0;15,50
2021-11-22 22:56:59;370;0;15,50
2021-11-22 22:57:04;370;0;15,50
2021-11-22 22:57:09;380;0;15,50
2021-11-22 22:57:14;370;0;15,50
2021-11-22 22:57:19;370;0;15,50
2021-11-22 22:57:24;370;0;15,50
2021-11-22 22:57:29;380;0;15,50
2021-11-22 22:57:34;370;0;15,50
2021-11-22 22:57:39;370;0;15,50
2021-11-22 22:57:44;370;0;15,50
2021-11-22 22:57:49;370;0;15,50
2021-11-22 22:57:54;370;0;15,50
2021-11-22 22:57:59;370;0;15,50
2021-11-22 22:58:04;370;0;15,50
2021-11-22 22:58:09;370;0;15,50
2021-11-22 22:58:14;370;0;15,50
2021-11-22 22:58:19;370;0;15,50
2021-11-22 22:58:24;370;0;15,50
2021-11-22 22:58:29;370;0;15,50
2021-11-22 22:58:34;380;0;15,50
2021-11-22 22:58:39;370;0;15,50
2021-11-22 22:58:44;370;0;15,50
2021-11-22 22:58:49;380;0;15,50
2021-11-22 22:58:54;370;0;15,50
2021-11-22 22:58:59;370;0;15,50
2021-11-22 22:59:04;370;0;15,50
2021-11-22 22:59:09;370;0;15,50
2021-11-22 22:59:14;370;0;15,50
2021-11-22 22:59:19;370;0;15,50
2021-11-22 22:59:24;370;0;15,50
2021-11-22 22:59:29;370;0;15,50
2021-11-22 22:59:34;380;0;15,50
2021-11-22 22:59:39;370;0;15,50
2021-11-22 22:59:44;370;0;15,50
2021-11-22 22:59:49;370;0;15,50
2021-11-22 22:59:54;370;0;15,50
2021-11-22 22:59:59;370;0;15,50
2021-11-22 23:00:04;370;0;15,50
2021-11-22 23:00:09;370;0;15,50
2021-11-22 23:00:14;370;0;15,50
2021-11-22 23:00:19;370;0;15,50
2021-11-22 23:00:24;370;0;15,50
2021-11-22 23:00:29;380;0;15,50
2021-11-22 23:00:34;370;0;15,50
2021-11-22 23:00:39;380;0;15,50
2021-11-22 23:00:44;370;0;15,50
2021-11-22 23:00:49;370;0;15,50
2021-11-22 23:00:54;370;0;15,50
2021-11-22 23:00:59;370;0;15,50
2021-11-22 23:01:04;370;0;15,50
2021-11-22 23:01:09;370;0;15,50
2021-11-22 23:01:14;370;0;15,50
2021-11-22 23:01:19;670;0;15,50
2021-11-22 23:01:24;770;0;15,50
2021-11-22 23:01:29;780;0;15,50
2021-11-22 23:01:34;780;0;15,50
2021-11-22 23:01:39;780;0;15,50
2021-11-22 23:01:44;790;0;15,50
2021-11-22 23:01:49;370;0;15,50
2021-11-22 23:01:54;370;0;15,50
2021-11-22 23:01:59;370;0;15,50
2021-11-22 23:02:04;370;0;15,50
2021-11-22 23:02:09;370;0;15,50
2021-11-22 23:02:14;370;0;15,50
2021-11-22 23:02:19;370;0;15,50
2021-11-22 23:02:24;370;0;15,50
2021-11-22 23:02:29;370;0;15,50
2021-11-22 23:02:34;370;0;15,50
2021-11-22 23:02:39;370;0;15,50
2021-11-22 23:02:44;370;0;15,50
2021-11-22 23:02:49;370;0;15,50
2021-11-22 23:02:54;370;0;15,50
2021-11-22 23:02:59;370;0;15,50
2021-11-22 23:03:04;380;0;15,50
2021-11-22 23:03:09;380;0;15,50
2021-11-22 23:03:14;370;0;15,50
2021-11-22 23:03:19;370;0;15,50
2021-11-22 23:03:24;380;0;15,50
2021-11-22 23:03:29;370;0;15,50
2021-11-22 23:03:34;370;0;15,50
2021-11-22 23:03:39;370;0;15,50
2021-11-22 23:03:44;370;0;15,50
2021-11-22 23:03:49;370;0;15,50
2021-11-22 23:03:54;370;0;15,50
2021-11-22 23:03:59;370;0;15,50
2021-11-22 23:04:04;370;0;15,50
2021-11-22 23:04:09;370;0;15,50
2021-11-22 23:04:14;370;0;15,50
2021-11-22 23:04:19;370;0;15,50
2021-11-22 23:04:24;370;0;15,50
2021-11-22 23:04:29;370;0;15,50
2021-11-22 23:04:34;370;0;15,50
2021-11-22 23:04:39;370;0;15,50
2021-11-22 23:04:44;370;0;15,50
2021-11-22 23:04:49;370;0;15,50
2021-11-22 23:04:54;370;0;15,50
2021-11-22 23:04:59;360;0;15,50
2021-11-22 23:05:04;370;0;15,50
2021-11-22 23:05:09;370;0;15,50
2021-11-22 23:05:14;370;0;15,50
2021-11-22 23:05:19;370;0;15,50
2021-11-22 23:05:24;370;0;15,50
2021-11-22 23:05:29;370;0;15,50
2021-11-22 23:05:34;370;0;15,50
2021-11-22 23:05:39;370;0;15,50
2021-11-22 23:05:44;370;0;15,50
2021-11-22 23:05:49;370;0;15,50
2021-11-22 23:05:54;370;0;15,50
2021-11-22 23:05:59;370;0;15,50
2021-11-22 23:06:04;370;0;15,50
2021-11-22 23:06:09;380;0;15,50
2021-11-22 23:06:14;370;0;15,50
2021-11-22 23:06:19;370;0;15,50
2021-11-22 23:06:24;370;0;15,50
2021-11-22 23:06:29;370;0;15,50
2021-11-22 23:06:34;380;0;15,50
2021-11-22 23:06:39;370;0;15,50
2021-11-22 23:06:44;370;0;15,50
2021-11-22 23:06:49;380;0;15,50
2021-11-22 23:06:54;380;0;15,50
2021-11-22 23:06:59;380;0;15,50
2021-11-22 23:07:04;380;0;15,50
2021-11-22 23:07:09;380;0;15,50
2021-11-22 23:07:14;380;0;15,50
2021-11-22 23:07:19;370;0;15,50
2021-11-22 23:07:24;380;0;15,50
2021-11-22 23:07:29;380;0;15,50
2021-11-22 23:07:34;380;0;15,50
2021-11-22 23:07:39;370;0;15,50
2021-11-22 23:07:44;380;0;15,50
2021-11-22 23:07:49;380;0;15,50
2021-11-22 23:07:54;370;0;15,50
2021-11-22 23:07:59;370;0;15,50
2021-11-22 23:08:04;380;0;15,50
2021-11-22 23:08:09;380;0;15,50
2021-11-22 23:08:14;380;0;15,50
2021-11-22 23:08:19;380;0;15,50
2021-11-22 23:08:24;410;0;15,50
2021-11-22 23:08:29;420;0;15,50
2021-11-22 23:08:34;420;0;15,50
2021-11-22 23:08:39;420;0;15,50
2021-11-22 23:08:44;420;0;15,50
2021-11-22 23:08:49;420;0;15,50
2021-11-22 23:08:54;420;0;15,50
2021-11-22 23:08:59;420;0;15,50
2021-11-22 23:09:04;420;0;15,50
2021-11-22 23:09:09;420;0;15,50
2021-11-22 23:09:14;420;0;15,50
2021-11-22 23:09:19;410;0;15,50
2021-11-22 23:09:24;410;0;15,50
2021-11-22 23:09:29;410;0;15,50
2021-11-22 23:09:34;410;0;15,50
2021-11-22 23:09:39;410;0;15,50
2021-11-22 23:09:44;410;0;15,50
2021-11-22 23:09:49;410;0;15,50
2021-11-22 23:09:54;410;0;15,50
2021-11-22 23:09:59;410;0;15,50
2021-11-22 23:10:04;420;0;15,50
2021-11-22 23:10:09;410;0;15,50
2021-11-22 23:10:14;420;0;15,50
2021-11-22 23:10:19;410;0;15,50
2021-11-22 23:10:24;400;0;15,50
2021-11-22 23:10:29;410;0;15,50
2021-11-22 23:10:34;410;0;15,50
2021-11-22 23:10:39;410;0;15,50
2021-11-22 23:10:44;410;0;15,50
2021-11-22 23:10:49;420;0;15,50
2021-11-22 23:10:54;410;0;15,50
2021-11-22 23:10:59;410;0;15,50
2021-11-22 23:11:04;410;0;15,50
2021-11-22 23:11:09;410;0;15,50
2021-11-22 23:11:14;410;0;15,50
2021-11-22 23:11:19;410;0;15,50
2021-11-22 23:11:24;400;0;15,50
2021-11-22 23:11:29;410;0;15,50
2021-11-22 23:11:34;410;0;15,50
2021-11-22 23:11:39;410;0;15,50
2021-11-22 23:11:44;410;0;15,50
2021-11-22 23:11:49;410;0;15,50
2021-11-22 23:11:54;410;0;15,50
2021-11-22 23:11:59;410;0;15,50
2021-11-22 23:12:04;410;0;15,50
2021-11-22 23:12:09;410;0;15,50
2021-11-22 23:12:14;410;0;15,50
2021-11-22 23:12:19;410;0;15,50
2021-11-22 23:12:24;410;0;15,50
2021-11-22 23:12:29;420;0;15,50
2021-11-22 23:12:34;410;0;15,50
2021-11-22 23:12:39;410;0;15,50
2021-11-22 23:12:44;410;0;15,50
2021-11-22 23:12:49;410;0;15,50
2021-11-22 23:12:54;420;0;15,50
2021-11-22 23:12:59;410;0;15,50
2021-11-22 23:13:04;410;0;15,50
2021-11-22 23:13:09;410;0;15,50
2021-11-22 23:13:14;410;0;15,50
2021-11-22 23:13:19;410;0;15,50
2021-11-22 23:13:24;410;0;15,50
2021-11-22 23:13:29;420;0;15,50
2021-11-22 23:13:34;420;0;15,50
2021-11-22 23:13:39;410;0;15,50
2021-11-22 23:13:44;420;0;15,50
2021-11-22 23:13:49;420;0;15,50
2021-11-22 23:13:54;420;0;15,50
2021-11-22 23:13:59;410;0;15,50
2021-11-22 23:14:04;410;0;15,50
2021-11-22 23:14:09;410;0;15,50
2021-11-22 23:14:14;410;0;15,50
2021-11-22 23:14:19;410;0;15,50
2021-11-22 23:14:24;420;0;15,50
2021-11-22 23:14:29;410;0;15,50
2021-11-22 23:14:34;420;0;15,50
2021-11-22 23:14:39;410;0;15,50
2021-11-22 23:14:44;410;0;15,50
2021-11-22 23:14:49;410;0;15,50
2021-11-22 23:14:54;420;0;15,50
2021-11-22 23:14:59;410;0;15,50
2021-11-22 23:15:04;420;0;15,50
2021-11-22 23:15:09;420;0;15,50
2021-11-22 23:15:14;420;0;15,50
2021-11-22 23:15:19;420;0;15,50
2021-11-22 23:15:24;420;0;15,50
2021-11-22 23:15:29;420;0;15,50
2021-11-22 23:15:34;420;0;15,50
2021-11-22 23:15:39;420;0;15,50
2021-11-22 23:15:44;420;0;15,50
2021-11-22 23:15:49;410;0;15,50
2021-11-22 23:15:54;410;0;15,50
2021-11-22 23:15:59;410;0;15,50
2021-11-22 23:16:04;410;0;15,50
2021-11-22 23:16:09;410;0;15,50
2021-11-22 23:16:14;410;0;15,50
2021-11-22 23:16:19;410;0;15,50
2021-11-22 23:16:24;410;0;15,50
2021-11-22 23:16:29;410;0;15,50
2021-11-22 23:16:34;410;0;15,50
2021-11-22 23:16:39;410;0;15,50
2021-11-22 23:16:44;410;0;15,50
2021-11-22 23:16:49;410;0;15,50
2021-11-22 23:16:54;410;0;15,50
2021-11-22 23:16:59;410;0;15,50
2021-11-22 23:17:04;410;0;15,50
2021-11-22 23:17:09;410;0;15,50
2021-11-22 23:17:14;410;0;15,50
2021-11-22 23:17:19;410;0;15,50
2021-11-22 23:17:24;410;0;15,50
2021-11-22 23:17:29;410;0;15,50
2021-11-22 23:17:34;410;0;15,50
2021-11-22 23:17:39;410;0;15,50
2021-11-22 23:17:44;410;0;15,50
2021-11-22 23:17:49;410;0;15,50
2021-11-22 23:17:54;410;0;15,50
2021-11-22 23:17:59;410;0;15,50
2021-11-22 23:18:04;410;0;15,50
2021-11-22 23:18:09;820;0;15,50
2021-11-22 23:18:14;870;0;15,50
2021-11-22 23:18:19;860;0;15,50
2021-11-22 23:18:24;870;0;15,50
2021-11-22 23:18:29;870;0;15,50
2021-11-22 23:18:34;860;0;15,50
2021-11-22 23:18:39;410;0;15,50
2021-11-22 23:18:44;410;0;15,50
2021-11-22 23:18:49;410;0;15,50
2021-11-22 23:18:54;410;0;15,50
2021-11-22 23:18:59;410;0;15,50
2021-11-22 23:19:04;410;0;15,50
2021-11-22 23:19:09;410;0;15,50
2021-11-22 23:19:14;420;0;15,50
2021-11-22 23:19:19;410;0;15,50
2021-11-22 23:19:24;410;0;15,50
2021-11-22 23:19:29;420;0;15,50
2021-11-22 23:19:34;410;0;15,50
2021-11-22 23:19:39;410;0;15,50
2021-11-22 23:19:44;410;0;15,50
2021-11-22 23:19:49;410;0;15,50
2021-11-22 23:19:54;420;0;15,50
2021-11-22 23:19:59;410;0;15,50
2021-11-22 23:20:04;410;0;15,50
2021-11-22 23:20:09;410;0;15,50
2021-11-22 23:20:14;410;0;15,50
2021-11-22 23:20:19;410;0;15,50
2021-11-22 23:20:24;420;0;15,50
2021-11-22 23:20:29;410;0;15,50
2021-11-22 23:20:34;420;0;15,50
2021-11-22 23:20:39;410;0;15,50
2021-11-22 23:20:44;410;0;15,50
2021-11-22 23:20:49;410;0;15,50
2021-11-22 23:20:54;410;0;15,50
2021-11-22 23:20:59;410;0;15,50
2021-11-22 23:21:04;410;0;15,50
2021-11-22 23:21:09;420;0;15,50
2021-11-22 23:21:14;410;0;15,50
2021-11-22 23:21:19;410;0;15,50
2021-11-22 23:21:24;410;0;15,50
2021-11-22 23:21:29;410;0;15,50
2021-11-22 23:21:34;410;0;15,50
2021-11-22 23:21:39;410;0;15,50
2021-11-22 23:21:44;420;0;15,50
2021-11-22 23:21:49;410;0;15,50
2021-11-22 23:21:54;420;0;15,50
2021-11-22 23:21:59;410;0;15,50
2021-11-22 23:22:04;410;0;15,50
2021-11-22 23:22:09;410;0;15,50
2021-11-22 23:22:14;410;0;15,50
2021-11-22 23:22:19;420;0;15,50
2021-11-22 23:22:24;410;0;15,50
2021-11-22 23:22:29;410;0;15,50
2021-11-22 23:22:34;410;0;15,50
2021-11-22 23:22:39;410;0;15,50
2021-11-22 23:22:44;410;0;15,50
2021-11-22 23:22:49;410;0;15,50
2021-11-22 23:22:54;410;0;15,50
2021-11-22 23:22:59;410;0;15,50
2021-11-22 23:23:04;410;0;15,50
2021-11-22 23:23:09;410;0;15,50
2021-11-22 23:23:14;410;0;15,50
2021-11-22 23:23:19;410;0;15,50
2021-11-22 23:23:24;410;0;15,50
2021-11-22 23:23:29;410;0;15,50
2021-11-22 23:23:34;410;0;15,50
2021-11-22 23:23:39;420;0;15,50
2021-11-22 23:23:44;420;0;15,50
2021-11-22 23:23:49;410;0;15,50
2021-11-22 23:23:54;420;0;15,50
2021-11-22 23:23:59;420;0;15,50
2021-11-22 23:24:04;410;0;15,50
2021-11-22 23:24:09;410;0;15,50
2021-11-22 23:24:14;410;0;15,50
2021-11-22 23:24:19;420;0;15,50
2021-11-22 23:24:24;410;0;15,50
2021-11-22 23:24:29;420;0;15,50
2021-11-22 23:24:34;410;0;15,50
2021-11-22 23:24:39;410;0;15,50
2021-11-22 23:24:44;410;0;15,50
2021-11-22 23:24:49;420;0;15,50
2021-11-22 23:24:54;410;0;15,50
2021-11-22 23:24:59;410;0;15,50
2021-11-22 23:25:04;420;0;15,50
2021-11-22 23:25:09;420;0;15,50
2021-11-22 23:25:14;410;0;15,50
2021-11-22 23:25:19;420;0;15,50
2021-11-22 23:25:24;410;0;15,50
2021-11-22 23:25:29;420;0;15,50
2021-11-22 23:25:34;410;0;15,50
2021-11-22 23:25:39;390;0;15,50
2021-11-22 23:25:44;390;0;15,50
2021-11-22 23:25:49;380;0;15,50
2021-11-22 23:25:54;380;0;15,50
2021-11-22 23:25:59;390;0;15,50
2021-11-22 23:26:04;380;0;15,50
2021-11-22 23:26:09;380;0;15,50
2021-11-22 23:26:14;380;0;15,50
2021-11-22 23:26:19;380;0;15,50
2021-11-22 23:26:24;380;0;15,50
2021-11-22 23:26:29;380;0;15,50
2021-11-22 23:26:34;380;0;15,50
2021-11-22 23:26:39;380;0;15,50
2021-11-22 23:26:44;370;0;15,50
2021-11-22 23:26:49;380;0;15,50
2021-11-22 23:26:54;370;0;15,50
2021-11-22 23:26:59;370;0;15,50
2021-11-22 23:27:04;380;0;15,50
2021-11-22 23:27:09;380;0;15,50
2021-11-22 23:27:14;380;0;15,50
2021-11-22 23:27:19;380;0;15,50
2021-11-22 23:27:24;380;0;15,50
2021-11-22 23:27:29;380;0;15,50
2021-11-22 23:27:34;380;0;15,50
2021-11-22 23:27:39;380;0;15,50
2021-11-22 23:27:44;380;0;15,50
2021-11-22 23:27:49;380;0;15,50
2021-11-22 23:27:54;370;0;15,50
2021-11-22 23:27:59;380;0;15,50
2021-11-22 23:28:04;380;0;15,50
2021-11-22 23:28:09;370;0;15,50
2021-11-22 23:28:14;380;0;15,50
2021-11-22 23:28:19;380;0;15,50
2021-11-22 23:28:24;380;0;15,50
2021-11-22 23:28:29;370;0;15,50
2021-11-22 23:28:34;370;0;15,50
2021-11-22 23:28:39;380;0;15,50
2021-11-22 23:28:44;370;0;15,50
2021-11-22 23:28:49;380;0;15,50
2021-11-22 23:28:54;380;0;15,50
2021-11-22 23:28:59;370;0;15,50
2021-11-22 23:29:04;380;0;15,50
2021-11-22 23:29:09;380;0;15,50
2021-11-22 23:29:14;380;0;15,50
2021-11-22 23:29:19;380;0;15,50
2021-11-22 23:29:24;370;0;15,50
2021-11-22 23:29:29;380;0;15,50
2021-11-22 23:29:34;370;0;15,50
2021-11-22 23:29:39;380;0;15,50
2021-11-22 23:29:44;370;0;15,50
2021-11-22 23:29:49;370;0;15,50
2021-11-22 23:29:54;380;0;15,50
2021-11-22 23:29:59;380;0;15,50
2021-11-22 23:30:04;380;0;15,50
2021-11-22 23:30:09;380;0;15,50
2021-11-22 23:30:14;380;0;15,50
2021-11-22 23:30:19;380;0;15,50
2021-11-22 23:30:24;380;0;15,50
2021-11-22 23:30:29;380;0;15,50
2021-11-22 23:30:34;370;0;15,50
2021-11-22 23:30:39;380;0;15,50
2021-11-22 23:30:44;370;0;15,50
2021-11-22 23:30:49;370;0;15,50
2021-11-22 23:30:54;410;0;15,50
2021-11-22 23:30:59;410;0;15,50
2021-11-22 23:31:04;410;0;15,50
2021-11-22 23:31:09;400;0;15,50
2021-11-22 23:31:14;410;0;15,50
2021-11-22 23:31:19;410;0;15,50
2021-11-22 23:31:24;410;0;15,50
2021-11-22 23:31:29;410;0;15,50
2021-11-22 23:31:34;410;0;15,50
2021-11-22 23:31:39;410;0;15,50
2021-11-22 23:31:44;410;0;15,50
2021-11-22 23:31:49;410;0;15,50
2021-11-22 23:31:54;410;0;15,50
2021-11-22 23:31:59;410;0;15,50
2021-11-22 23:32:04;410;0;15,50
2021-11-22 23:32:09;410;0;15,50
2021-11-22 23:32:14;410;0;15,50
2021-11-22 23:32:19;410;0;15,50
2021-11-22 23:32:24;410;0;15,50
2021-11-22 23:32:29;400;0;15,50
2021-11-22 23:32:34;410;0;15,50
2021-11-22 23:32:39;410;0;15,50
2021-11-22 23:32:44;410;0;15,50
2021-11-22 23:32:49;410;0;15,50
2021-11-22 23:32:54;410;0;15,50
2021-11-22 23:32:59;410;0;15,50
2021-11-22 23:33:04;410;0;15,50
2021-11-22 23:33:09;400;0;15,50
2021-11-22 23:33:14;410;0;15,50
2021-11-22 23:33:19;410;0;15,50
2021-11-22 23:33:24;400;0;15,50
2021-11-22 23:33:29;400;0;15,50
2021-11-22 23:33:34;410;0;15,50
2021-11-22 23:33:39;410;0;15,50
2021-11-22 23:33:44;410;0;15,50
2021-11-22 23:33:49;410;0;15,50
2021-11-22 23:33:54;410;0;15,50
2021-11-22 23:33:59;410;0;15,50
2021-11-22 23:34:04;410;0;15,50
2021-11-22 23:34:09;410;0;15,50
2021-11-22 23:34:14;800;0;15,50
2021-11-22 23:34:19;860;0;15,50
2021-11-22 23:34:24;880;0;15,50
2021-11-22 23:34:29;870;0;15,50
2021-11-22 23:34:34;880;0;15,50
2021-11-22 23:34:39;880;0;15,50
2021-11-22 23:34:44;410;0;15,50
2021-11-22 23:34:49;410;0;15,50
2021-11-22 23:34:54;410;0;15,50
2021-11-22 23:34:59;410;0;15,50
2021-11-22 23:35:04;410;0;15,50
2021-11-22 23:35:09;410;0;15,50
2021-11-22 23:35:14;410;0;15,50
2021-11-22 23:35:19;410;0;15,50
2021-11-22 23:35:24;410;0;15,50
2021-11-22 23:35:29;410;0;15,50
2021-11-22 23:35:34;410;0;15,50
2021-11-22 23:35:39;410;0;15,50
2021-11-22 23:35:44;410;0;15,50
2021-11-22 23:35:49;410;0;15,50
2021-11-22 23:35:54;410;0;15,50
2021-11-22 23:35:59;410;0;15,50
2021-11-22 23:36:04;410;0;15,50
2021-11-22 23:36:09;410;0;15,50
2021-11-22 23:36:14;410;0;15,50
2021-11-22 23:36:19;410;0;15,50
2021-11-22 23:36:24;410;0;15,50
2021-11-22 23:36:29;410;0;15,50
2021-11-22 23:36:34;420;0;15,50
2021-11-22 23:36:39;410;0;15,50
2021-11-22 23:36:44;410;0;15,50
2021-11-22 23:36:49;410;0;15,50
2021-11-22 23:36:54;410;0;15,50
2021-11-22 23:36:59;410;0;15,50
2021-11-22 23:37:04;410;0;15,50
2021-11-22 23:37:09;410;0;15,50
2021-11-22 23:37:14;410;0;15,50
2021-11-22 23:37:19;410;0;15,50
2021-11-22 23:37:24;410;0;15,50
2021-11-22 23:37:29;410;0;15,50
2021-11-22 23:37:34;410;0;15,50
2021-11-22 23:37:39;410;0;15,50
2021-11-22 23:37:44;410;0;15,50
2021-11-22 23:37:49;410;0;15,50
2021-11-22 23:37:54;410;0;15,50
2021-11-22 23:37:59;420;0;15,50
2021-11-22 23:38:04;410;0;15,50
2021-11-22 23:38:09;410;0;15,50
2021-11-22 23:38:14;410;0;15,50
2021-11-22 23:38:19;410;0;15,50
2021-11-22 23:38:24;410;0;15,50
2021-11-22 23:38:29;410;0;15,50
2021-11-22 23:38:34;410;0;15,50
2021-11-22 23:38:39;410;0;15,50
2021-11-22 23:38:44;410;0;15,50
2021-11-22 23:38:49;410;0;15,50
2021-11-22 23:38:54;410;0;15,50
2021-11-22 23:38:59;410;0;15,50
2021-11-22 23:39:04;410;0;15,50
2021-11-22 23:39:09;410;0;15,50
2021-11-22 23:39:14;410;0;15,50
2021-11-22 23:39:19;420;0;15,50
2021-11-22 23:39:24;410;0;15,50
2021-11-22 23:39:29;410;0;15,50
2021-11-22 23:39:34;420;0;15,50
2021-11-22 23:39:39;410;0;15,50
2021-11-22 23:39:44;410;0;15,50
2021-11-22 23:39:49;410;0;15,50
2021-11-22 23:39:54;410;0;15,50
2021-11-22 23:39:59;410;0;15,50
2021-11-22 23:40:04;410;0;15,50
2021-11-22 23:40:09;410;0;15,50
2021-11-22 23:40:14;410;0;15,50
2021-11-22 23:40:19;410;0;15,50
2021-11-22 23:40:24;410;0;15,50
2021-11-22 23:40:29;410;0;15,50
2021-11-22 23:40:34;410;0;15,50
2021-11-22 23:40:39;410;0;15,50
2021-11-22 23:40:44;410;0;15,50
2021-11-22 23:40:49;410;0;15,50
2021-11-22 23:40:54;420;0;15,50
2021-11-22 23:40:59;410;0;15,50
2021-11-22 23:41:04;410;0;15,50
2021-11-22 23:41:09;410;0;15,50
2021-11-22 23:41:14;410;0;15,50
2021-11-22 23:41:19;410;0;15,50
2021-11-22 23:41:24;410;0;15,50
2021-11-22 23:41:29;410;0;15,50
2021-11-22 23:41:34;410;0;15,50
2021-11-22 23:41:39;410;0;15,50
2021-11-22 23:41:44;410;0;15,50
2021-11-22 23:41:49;410;0;15,50
2021-11-22 23:41:54;410;0;15,50
2021-11-22 23:41:59;410;0;15,50
2021-11-22 23:42:04;410;0;15,50
2021-11-22 23:42:09;410;0;15,50
2021-11-22 23:42:14;410;0;15,50
2021-11-22 23:42:19;410;0;15,50
2021-11-22 23:42:24;410;0;15,50
2021-11-22 23:42:29;410;0;15,50
2021-11-22 23:42:34;420;0;15,50
2021-11-22 23:42:39;410;0;15,50
2021-11-22 23:42:44;410;0;15,50
2021-11-22 23:42:49;410;0;15,50
2021-11-22 23:42:54;410;0;15,50
2021-11-22 23:42:59;410;0;15,50
2021-11-22 23:43:04;400;0;15,50
2021-11-22 23:43:09;400;0;15,50
2021-11-22 23:43:14;410;0;15,50
2021-11-22 23:43:19;410;0;15,50
2021-11-22 23:43:24;400;0;15,50
2021-11-22 23:43:29;410;0;15,50
2021-11-22 23:43:34;410;0;15,50
2021-11-22 23:43:39;410;0;15,50
2021-11-22 23:43:44;400;0;15,50
2021-11-22 23:43:49;400;0;15,50
2021-11-22 23:43:54;410;0;15,50
2021-11-22 23:43:59;400;0;15,50
2021-11-22 23:44:04;400;0;15,50
2021-11-22 23:44:09;410;0;15,50
2021-11-22 23:44:14;410;0;15,50
2021-11-22 23:44:19;400;0;15,50
2021-11-22 23:44:24;400;0;15,50
2021-11-22 23:44:29;400;0;15,50
2021-11-22 23:44:34;410;0;15,50
2021-11-22 23:44:39;400;0;15,50
2021-11-22 23:44:44;400;0;15,50
2021-11-22 23:44:49;400;0;15,50
2021-11-22 23:44:54;410;0;15,50
2021-11-22 23:44:59;400;0;15,50
2021-11-22 23:45:04;410;0;15,50
2021-11-22 23:45:09;410;0;15,50
2021-11-22 23:45:14;410;0;15,50
2021-11-22 23:45:19;400;0;15,50
2021-11-22 23:45:24;380;0;15,50
2021-11-22 23:45:29;380;0;15,50
2021-11-22 23:45:34;380;0;15,50
2021-11-22 23:45:39;380;0;15,50
2021-11-22 23:45:44;380;0;15,50
2021-11-22 23:45:49;380;0;15,50
2021-11-22 23:45:54;380;0;15,50
2021-11-22 23:45:59;380;0;15,50
2021-11-22 23:46:04;370;0;15,50
2021-11-22 23:46:09;380;0;15,50
2021-11-22 23:46:14;380;0;15,50
2021-11-22 23:46:19;380;0;15,50
2021-11-22 23:46:24;380;0;15,50
2021-11-22 23:46:29;380;0;15,50
2021-11-22 23:46:34;380;0;15,50
2021-11-22 23:46:39;380;0;15,50
2021-11-22 23:46:44;380;0;15,50
2021-11-22 23:46:49;380;0;15,50
2021-11-22 23:46:54;380;0;15,50
2021-11-22 23:46:59;380;0;15,50
2021-11-22 23:47:04;380;0;15,50
2021-11-22 23:47:09;380;0;15,50
2021-11-22 23:47:14;380;0;15,50
2021-11-22 23:47:19;370;0;15,50
2021-11-22 23:47:24;370;0;15,50
2021-11-22 23:47:29;370;0;15,50
2021-11-22 23:47:34;380;0;15,50
2021-11-22 23:47:39;380;0;15,50
2021-11-22 23:47:44;380;0;15,50
2021-11-22 23:47:49;380;0;15,50
2021-11-22 23:47:54;380;0;15,50
2021-11-22 23:47:59;380;0;15,50
2021-11-22 23:48:04;370;0;15,50
2021-11-22 23:48:09;380;0;15,50
2021-11-22 23:48:14;380;0;15,50
2021-11-22 23:48:19;380;0;15,50
2021-11-22 23:48:24;380;0;15,50
2021-11-22 23:48:29;380;0;15,50
2021-11-22 23:48:34;380;0;15,50
2021-11-22 23:48:39;380;0;15,50
2021-11-22 23:48:44;370;0;15,50
2021-11-22 23:48:49;380;0;15,50
2021-11-22 23:48:54;380;0;15,50
2021-11-22 23:48:59;380;0;15,50
2021-11-22 23:49:04;380;0;15,50
2021-11-22 23:49:09;380;0;15,50
2021-11-22 23:49:14;380;0;15,50
2021-11-22 23:49:19;380;0;15,50
2021-11-22 23:49:24;370;0;15,50
2021-11-22 23:49:29;380;0;15,50
2021-11-22 23:49:34;380;0;15,50
2021-11-22 23:49:39;380;0;15,50
2021-11-22 23:49:44;370;0;15,50
2021-11-22 23:49:49;710;0;15,50
2021-11-22 23:49:54;760;0;15,50
2021-11-22 23:49:59;790;0;15,50
2021-11-22 23:50:04;790;0;15,50
2021-11-22 23:50:09;790;0;15,50
2021-11-22 23:50:14;790;0;15,50
2021-11-22 23:50:19;700;0;15,50
2021-11-22 23:50:24;370;0;15,50
2021-11-22 23:50:29;370;0;15,50
2021-11-22 23:50:34;380;0;15,50
2021-11-22 23:50:39;380;0;15,50
2021-11-22 23:50:44;370;0;15,50
2021-11-22 23:50:49;380;0;15,50
2021-11-22 23:50:54;370;0;15,50
2021-11-22 23:50:59;370;0;15,50
2021-11-22 23:51:04;370;0;15,50
2021-11-22 23:51:09;370;0;15,50
2021-11-22 23:51:14;370;0;15,50
2021-11-22 23:51:19;370;0;15,50
2021-11-22 23:51:24;370;0;15,50
2021-11-22 23:51:29;370;0;15,50
2021-11-22 23:51:34;370;0;15,50
2021-11-22 23:51:39;370;0;15,50
2021-11-22 23:51:44;370;0;15,50
2021-11-22 23:51:49;380;0;15,50
2021-11-22 23:51:54;370;0;15,50
2021-11-22 23:51:59;370;0;15,50
2021-11-22 23:52:04;370;0;15,50
2021-11-22 23:52:09;370;0;15,50
2021-11-22 23:52:14;380;0;15,50
2021-11-22 23:52:19;370;0;15,50
2021-11-22 23:52:24;380;0;15,50
2021-11-22 23:52:29;380;0;15,50
2021-11-22 23:52:34;380;0;15,50
2021-11-22 23:52:39;370;0;15,50
2021-11-22 23:52:44;370;0;15,50
2021-11-22 23:52:49;380;0;15,50
2021-11-22 23:52:54;380;0;15,50
2021-11-22 23:52:59;370;0;15,50
2021-11-22 23:53:04;380;0;15,50
2021-11-22 23:53:09;380;0;15,50
2021-11-22 23:53:14;380;0;15,50
2021-11-22 23:53:19;370;0;15,50
2021-11-22 23:53:24;380;0;15,50
2021-11-22 23:53:29;370;0;15,50
2021-11-22 23:53:34;370;0;15,50
2021-11-22 23:53:39;380;0;15,50
2021-11-22 23:53:44;380;0;15,50
2021-11-22 23:53:49;380;0;15,50
2021-11-22 23:53:54;380;0;15,50
2021-11-22 23:53:59;380;0;15,50
2021-11-22 23:54:04;370;0;15,50
2021-11-22 23:54:09;370;0;15,50
2021-11-22 23:54:14;380;0;15,50
2021-11-22 23:54:19;380;0;15,50
2021-11-22 23:54:24;370;0;15,50
2021-11-22 23:54:29;380;0;15,50
2021-11-22 23:54:34;380;0;15,50
2021-11-22 23:54:39;380;0;15,50
2021-11-22 23:54:44;380;0;15,50
2021-11-22 23:54:49;380;0;15,50
2021-11-22 23:54:54;380;0;15,50
2021-11-22 23:54:59;380;0;15,50
2021-11-22 23:55:04;380;0;15,50
2021-11-22 23:55:09;380;0;15,50
2021-11-22 23:55:14;380;0;15,50
2021-11-22 23:55:19;380;0;15,50
2021-11-22 23:55:24;380;0;15,50
2021-11-22 23:55:29;380;0;15,50
2021-11-22 23:55:34;380;0;15,50
2021-11-22 23:55:39;380;0;15,50
2021-11-22 23:55:44;380;0;15,50
2021-11-22 23:55:49;380;0;15,50
2021-11-22 23:55:54;380;0;15,50
2021-11-22 23:55:59;380;0;15,50
2021-11-22 23:56:04;380;0;15,50
2021-11-22 23:56:09;380;0;15,50
2021-11-22 23:56:14;380;0;15,50
2021-11-22 23:56:19;380;0;15,50
2021-11-22 23:56:24;380;0;15,50
2021-11-22 23:56:29;380;0;15,50
2021-11-22 23:56:34;380;0;15,50
2021-11-22 23:56:39;380;0;15,50
2021-11-22 23:56:44;380;0;15,50
2021-11-22 23:56:49;380;0;15,50
2021-11-22 23:56:54;380;0;15,50
2021-11-22 23:56:59;380;0;15,50
2021-11-22 23:57:04;380;0;15,50
2021-11-22 23:57:09;380;0;15,50
2021-11-22 23:57:14;380;0;15,50
2021-11-22 23:57:19;380;0;15,50
2021-11-22 23:57:24;370;0;15,50
2021-11-22 23:57:29;380;0;15,50
2021-11-22 23:57:34;380;0;15,50
2021-11-22 23:57:39;380;0;15,50
2021-11-22 23:57:44;380;0;15,50
2021-11-22 23:57:49;380;0;15,50
2021-11-22 23:57:54;380;0;15,50
2021-11-22 23:57:59;380;0;15,50
2021-11-22 23:58:04;380;0;15,50
2021-11-22 23:58:09;380;0;15,50
2021-11-22 23:58:14;380;0;15,50
2021-11-22 23:58:19;380;0;15,50
2021-11-22 23:58:24;380;0;15,50
2021-11-22 23:58:29;380;0;15,50
2021-11-22 23:58:34;380;0;15,50
2021-11-22 23:58:39;380;0;15,50
2021-11-22 23:58:44;380;0;15,50
2021-11-22 23:58:49;380;0;15,50
2021-11-22 23:58:54;380;0;15,50
2021-11-22 23:58:59;380;0;15,50
2021-11-22 23:59:04;380;0;15,50
2021-11-22 23:59:09;380;0;15,50
2021-11-22 23:59:14;380;0;15,50
2021-11-22 23:59:19;380;0;15,50
2021-11-22 23:59:24;380;0;15,50
2021-11-22 23:59:29;380;0;15,50
2021-11-22 23:59:34;380;0;15,50
2021-11-22 23:59:39;380;0;15,50
2021-11-22 23:59:44;380;0;15,50
2021-11-22 23:59:49;380;0;15,50
2021-11-22 23:59:54;380;0;15,50
2021-11-22 23:59:59;380;0;15,50
